id,serial_code,name,organization,kit_received,lunch_day1,lunch_day2,high_tea_day1,high_tea_day2,gala_dinner,created_at,lunch_day3,high_tea_day3,is_onspot,designation,phone,email,registered_days,coffee_day1,coffee_day2,coffee_day3,id_verified,short_paper
0021a2fc-5724-4e5a-9227-1a9356df82f9,INDIS2026-4925,Preksha Damodar Arjunwadkar,MIT ADT University,2026-09-28 03:39:48.749+00,,,2026-09-28 05:35:32.441+00,,,2026-09-22 19:44:26.509987+00,,,false,Author,9765651825,preksha.arjunwadkar@gmail.com,"[1,2,3]",,,,true,false
005edb08-6082-418b-95d6-4c238fac9f42,INDIS2026-3290,Srinidhi,PES University,2026-09-28 04:17:16.513+00,,,2026-09-28 05:36:04.034+00,,,2026-09-22 19:44:26.509987+00,,,false,Author,7019676784,srinidhitr.05@gmail.com,"[1,2,3]",,,,true,true
00824a09-d05c-4ed9-a3f2-76c5984db872,INDIS2026-3092,Ketan Shimpi,MIT - ADT University,2026-09-28 04:26:51.314+00,,,,,,2026-09-22 19:44:26.509987+00,,,false,Organizer,9175413220,ketanshimpi@mitid.edu.in,"[1,2,3]",,,,true,false
034b9527-e5d2-4264-8700-b9081911ffa1,INDIS-VL-2026-5673,Gyaneshwar Krishna,IIT Guwahati,2026-09-28 03:45:00.383+00,,,,,,2026-09-22 19:44:26.509987+00,,,false,Volunteer,9885608982,k.gyaneshwar@iitg.ac.in,"[1,2,3]",,,,true,false
049636b2-5073-41bd-994d-52154b1ecdca,INDIS-VL-2026-9053,Vidyotama Sandal,IIT Guwahati,2026-09-28 03:57:41.63+00,,,,,,2026-09-22 19:44:26.509987+00,,,false,Volunteer,7574031289,s.vidyotama@iitg.ac.in,"[1,2,3]",,,,true,false
0575a4c9-2816-47af-a867-da430ad08e7a,INDIS2026-9105,Geet Nagpal,THAPAR INSTITUTE OF ENGINEERING & TECHNOLOGY,2026-09-28 04:23:26.079+00,,,,,,2026-09-22 19:44:26.509987+00,,,false,Author,8130309242,geetnagpal03752@gmail.com,"[1,2,3]",,,,true,true
063ffdd2-3cd6-4244-bd3e-68eb82663672,INDIS-OR-2026-7394,Binoj John,"MIT ID Pune, MIT - ADT University",2026-09-28 04:05:57.559+00,,,2026-09-28 05:35:32.062+00,,,2026-09-22 19:44:26.509987+00,,,false,Session Chair,,binojjohn@mitid.edu.in,"[1,2,3]",,,,true,false
0674370f-2c5a-4ef9-8d2e-b0bc8c429137,INDIS-LR-2026-5254,T Moasunep Jamir,National Institute of Fashion Technology (NIFT) Shillong,2026-09-28 04:37:07.99+00,,,,,,2026-09-22 19:44:26.509987+00,,,false,Attendee,7896127240,tmoasunep.jamir@nift.ac.in,"[1,2,3]",,,,true,false
07190b6a-a27f-4c5b-b928-f9421dbca082,INDIS-LR-2026-3400,Pranjit Sarma,"Central Institute of Technology, Kokrajhar",2026-09-28 03:38:52.582+00,,,2026-09-28 05:35:41.933+00,,,2026-09-22 19:44:26.509987+00,,,false,Attendee,9101251317,ph23mcd1001@cit.ac.in,"[1,2,3]",,,,true,false
07b5a4cf-8353-47c7-9ef8-068fe5feed8f,INDIS-OR-2026-4441,Shareka Iqbal,IIT Guwahati,2026-09-28 05:42:30.757+00,,,,,,2026-09-22 19:44:26.509987+00,,,false,Organizer,9435732201,shareka.iqbal@iitg.ac.in,"[1,2,3]",,,,true,false
07fc2f49-9951-48bd-8ef9-0f889512fe74,INDIS2026-2365,Natania Perinchery,"BITS Pilani, Hyderabad Campus",2026-09-28 04:33:42.981+00,,,2026-09-28 05:31:28.296+00,,,2026-09-22 19:44:26.509987+00,,,false,Author,9743562426,nsperinchery@gmail.com,"[1,2,3]",,,,true,true
08a0f164-a93e-43df-8674-383cddf56c7b,INDIS-VL-2026-9893,Ananya Behera,IIT Guwahati,2026-09-28 03:32:01.98+00,,,2026-09-28 05:34:37.75+00,,,2026-09-22 19:44:26.509987+00,,,false,Volunteer,8280049812,ananyab@iitg.ac.in,"[1,2,3]",,,,true,false
08b95eba-f78c-452a-ae54-619160af72cc,INDIS2026-3577,PRAKRITI BHATTACHARYA,"MIT Institute of Design, Pune",2026-09-28 05:47:17.681+00,,,,,,2026-09-22 19:44:26.509987+00,,,false,Author,8017571983,mymail.prakriti@gmail.com,"[1,2,3]",,,,true,false
08da200d-c989-482f-b868-0fc76ea1b29f,INDIS2026-1171,Santosh Jagtap,IIT Guwahati,2026-09-28 04:16:16.692+00,,,2026-09-28 05:35:17.912+00,,,2026-09-22 19:44:26.509987+00,,,false,Organizer,7666941568,santosh.jagtap@iitg.ac.in,"[1,2,3]",,,,true,false
091d31e8-43da-4188-8355-74c8d64cfcb7,INDIS2026-8801,Ananya Swargiary,Mahindra University,2026-09-28 03:42:39.371+00,,,2026-09-28 05:35:40.903+00,,,2026-09-22 19:44:26.509987+00,,,false,Author,7086746245,ananyaswargiary4@gmail.com,"[1,2,3]",,,,true,false
09b3fe20-e7b4-4d34-b2dd-28f483e30613,INDIS2026-6420,Monisha Sobti,"Manipal School of Architecture & Planning, MAHE",2026-09-28 04:11:55.759+00,,,,,,2026-09-22 19:44:26.509987+00,,,false,Author,9871145434,monisha_73@yahoo.com,"[1,2,3]",,,,true,false
09b8b825-7e13-4709-9c28-187af61692ec,INDIS2026-8385,Covergare5,Coverage5,,,,,,,2026-09-28 04:54:29.402191+00,,,true,TEST,,,"[1,2,3]",,,,false,false
0cd839d2-4a63-4137-be4d-1d1eb819849f,INDIS-VL-2026-9886,Sanjana Hemant Harsole,MIT -ADT University,2026-09-28 03:37:22.55+00,,,2026-09-28 05:43:56.693+00,,,2026-09-22 19:44:26.509987+00,,,false,Volunteer,,,"[1,2,3]",,,,true,false
0df8f4c8-e087-4469-8e2c-f6a100aa6f7e,INDIS-OR-2026-5882,Anubhav Mishra,IIT Guwahati,2026-09-28 04:29:16.337+00,,,2026-09-28 05:37:09.267+00,,,2026-09-23 12:21:31.202754+00,,,false,Organizer,9794074449,anubhv@iitg.ac.in,"[1,2,3]",,,,true,false
0e232dd9-53af-4f18-a778-30d12da6fbb6,INDIS2026-8394,Rayna shrenik shah,Atlas Skill Tech University,2026-09-28 04:08:14.513+00,,,2026-09-28 05:27:58.895+00,,,2026-09-22 19:44:26.509987+00,,,false,Author,9326033854,rayna.shah.bdes2028@atlasskilltech.university,"[1,2,3]",,,,true,false
0e6001c0-bbc3-4501-b0d9-03484b47147d,INDIS-VL-2026-9619,Akanksha,IIT Guwahati,,,,,,,2026-09-22 19:44:26.509987+00,,,false,Volunteer,7807019880,akanksha.dd@iitg.ac.in,"[1,2,3]",,,,true,false
0f95e653-bf50-49df-95e0-3c47a3d64c11,INDIS2026-9021,Nikitha R,Independent,2026-09-28 05:05:02.24+00,,,2026-09-28 05:37:42.119+00,,,2026-09-22 19:44:26.509987+00,,,false,Author,7041385398,nikitharajashekaran@gmail.com,"[1,2,3]",,,,true,false
10b679b5-41d9-40f5-aafc-89e648b87a8f,INDIS2026-1169,Rohini Jaybhaye,IIT Guwahati,2026-09-28 04:42:29.473+00,,,,,,2026-09-22 19:44:26.509987+00,,,false,Author,9112326774,r.jaybhaye@iitg.ac.in,"[1,2,3]",,,,true,false
113a1734-c5b1-4232-a130-8dab4b4ef17b,INDIS-OR-2026-1164,Shajumon M.S,IIT Guwahati,,,,,,,2026-09-23 12:21:31.202754+00,,,false,Organizer,9435733525,shaju@iitg.ac.in,"[1,2,3]",,,,true,false
130cd6dd-f869-41cf-961e-e31ec9cc07da,INDIS2026-3658,Coverage2,Coverage2,,,,,,,2026-09-28 04:53:56.508833+00,,,true,TEST,,,"[1,2,3]",,,,false,false
15723b63-6ab2-4bc5-ad8b-88c7daa2ab56,INDIS2026-4304,Mrittika Mitra,"National Institute of Fashion Technology, Mumbai",2026-09-28 04:36:09.109+00,,,2026-09-28 05:38:14.964+00,,,2026-09-22 19:44:26.509987+00,,,false,Author,7049890280,mrittika1805@gmail.com,"[1,2,3]",,,,true,true
15849f02-e29b-4285-a5cc-3b6ec8d0b8a1,INDIS-VL-2026-2709,Shalini Singh,IIT Guwahati,2026-09-28 03:47:26.975+00,,,2026-09-28 05:34:40.554+00,,,2026-09-22 19:44:26.509987+00,,,false,Volunteer,8860133784,shalini.singh@iitg.ac.in,"[1,2,3]",,,,true,false
162284b7-d581-4144-b5de-b4d88f4a3c2b,INDIS-VL-2026-2863,Hritam Sarkar,IIT Guwahati,,,,,,,2026-09-22 19:44:26.509987+00,,,false,Volunteer,9330474473,h.sarkar@iitg.ac.in,"[1,2,3]",,,,true,false
16351d9c-6ba0-48e9-b932-146008be8fb5,INDIS2026-3532,Kanishka Singh,NATIONAL INSTITUTE OF FASHION TECHNOLOGY,2026-09-28 03:36:57.126+00,,,,,,2026-09-22 19:44:26.509987+00,,,false,Author,7408099898,kanishka.kanishka3@nift.ac.in,"[1,2,3]",,,,true,true
16ad7cd1-55a0-469f-a5e1-bd72243958bc,INDIS-VL-2026-0289,Shaifali Sharma,IIT Guwahati,2026-09-28 05:49:41.815+00,,,,,,2026-09-22 19:44:26.509987+00,,,false,Volunteer,7830795302,shaif@iisi.iitg.ac.in,"[1,2,3]",,,,true,false
19bbe74a-1379-4f9a-b3bd-1243a479810f,INDIS2026-9915,Rajashekhar V S,Indian Institute of Technology - Kanpur,2026-09-28 03:37:22.678+00,,,2026-09-28 05:37:10.815+00,,,2026-09-22 19:44:26.509987+00,,,false,Author,9600046390,raja23@iitk.ac.in,"[1,2,3]",,,,true,false
19c6f9d6-402d-457f-a9bb-bb1590190528,INDIS-VL-2026-1559,Arbaniabud Mawthoh,IIT Guwahati,,,,,,,2026-09-22 19:44:26.509987+00,,,false,Volunteer,7085784027,m.arbaniabud@iitg.ac.in,"[1,2,3]",,,,true,false
1acf60d4-ea73-45c0-8b68-b8dccaa66d32,INDIS-VL-2026-8394,Weskerland Lyngkhoi,IIT Guwahati,,,,,,,2026-09-22 19:44:26.509987+00,,,false,Volunteer,9774095436,w.lyngkhoi@iitg.ac.in,"[1,2,3]",,,,true,false
1ad589fb-1212-4bf0-a070-b3fe793a16da,INDIS-OR-2026-7310,"Milon Das,",,,,,,,,2026-09-22 19:44:26.509987+00,,,false,Special Guests,,,"[1,2,3]",,,,true,false
1b782245-82bf-4430-8d8d-2f209db1931e,INDIS2026-9878,Samruddhi Sancheti,Maratha Vidya Prasarak Samaj's Sharadchandraji Pawar College of Architecture,,,,,,,2026-09-22 19:44:26.509987+00,,,false,Author,9518955136,sanchetisamruddhi4@gmail.com,"[1,2,3]",,,,true,false
1c591276-53f9-4d02-88df-7ceea23e19e7,INDIS-OR-2026-2851,Pranjal Protim Borah,IIT Jodhpur,2026-09-28 04:25:51.065+00,,,2026-09-28 05:39:15.433+00,,,2026-09-22 19:44:26.509987+00,,,false,Session Chair,8011050081,pranjalborah@iitj.ac.in,"[1,2,3]",,,,true,false
1c97292d-2df4-48f4-b6f4-db2badaca4a1,INDIS-LR-2026-9444,Pooja Sharma,M1xchange,2026-09-28 04:51:20.93+00,,,2026-09-28 05:33:59.82+00,,,2026-09-22 19:44:26.509987+00,,,false,Attendee,9582615639,pooja@m1xchange.com,"[1,2,3]",,,,true,false
1cdd92aa-7547-4caf-80bd-e256a1d37f8a,INDIS2026-2253,Aadya Singh,MIT Institute of Design,2026-09-28 04:18:37.062+00,,,2026-09-28 05:39:33.891+00,,,2026-09-22 19:44:26.509987+00,,,false,Author,7856906805,aadyasingh1600@gmail.com,"[1,2,3]",,,,true,true
1d29ee4e-d759-4e8c-b21b-716b5ff454b0,INDIS-VL-2026-3099,Riddhiman Biswas,IIT Guwahati,2026-09-28 03:45:06.746+00,,,,,,2026-09-22 19:44:26.509987+00,,,false,Volunteer,9432352979,b.riddhiman@iitg.ac.in,"[1,2,3]",,,,true,false
1e296819-b403-4192-8570-e16200194911,INDIS-VL-2026-8001,Deshpande Shreya Shantanu,MIT -ADT University,2026-09-28 04:26:05.701+00,,,,,,2026-09-22 19:44:26.509987+00,,,false,Volunteer,,,"[1,2,3]",,,,true,false
1fa7d756-8b4b-4ac0-a194-84491520e0b7,INDIS2026-8093,Navjjot Singh,"Manipal School of Architecture and Planning, Manipal Academy of Higher Education, Manipal, India",2026-09-28 04:12:27.445+00,,,,,,2026-09-22 19:44:26.509987+00,,,false,Author,9500185933,ar.navjjotsingh@gmail.com,"[1,2,3]",,,,true,false
1fe8f3dd-2c2c-468c-bd0d-07d6ceb5555a,INDIS-LR-2026-0453,Dhaval Joshi,SIMU Labs,2026-09-28 04:18:51.591+00,,,2026-09-28 05:35:30.234+00,,,2026-09-22 19:44:26.509987+00,,,false,Session Chair,,,"[1,2,3]",,,,true,false
21236c89-8250-42ad-9e77-5b117747660d,INDIS-LR-2026-4700,Thomas Grey Manih,MIT University Shillong,2026-09-28 04:27:41.99+00,,,2026-09-28 05:33:52.224+00,,,2026-09-22 19:44:26.509987+00,,,false,Attendee,7259397131,thomas.manih@mitu.edu.in,"[1,2,3]",,,,true,false
21c318e4-e39e-4005-b402-2ebdf84fea03,INDIS-VL-2026-6210,Dipjyoti Saikia,IIT Guwahati,,,,,,,2026-09-22 19:44:26.509987+00,,,false,Volunteer,70867 48869,dipjyoti46@rnd.iitg.ac.in,"[1,2,3]",,,,true,false
228712a0-0791-4ba3-b5a3-ea69186899a0,INDIS-OR-2026-6947,Shatarupa Thakurta Roy,IIT Kanpur,,,,,,,2026-09-23 12:21:31.202754+00,,,false,Special Guests,9935266960,stroy@iitk.ac.in,"[1,2,3]",,,,true,false
22dfa554-3c78-404b-a8f8-697f871be4d6,INDIS-VL-2026-3396,Rosaline Regon,IIT Guwahati,,,,2026-09-28 05:34:35.445+00,,,2026-09-22 19:44:26.509987+00,,,false,Volunteer,7002014275,r.rosaline@iitg.ac.in,"[1,2,3]",,,,true,false
2409e867-7467-4b6f-aa2b-30873ec6fee0,INDIS2026-1170,Bristi Angkita Saikia,IIT Guwahati,2026-09-28 04:56:05.36+00,,,2026-09-28 05:43:41.057+00,,,2026-09-22 19:44:26.509987+00,,,false,Author,8486076282,s.bristi@iitg.ac.in,"[1,2,3]",,,,true,false
24c2c3d2-d3c2-45f7-a75b-786946a2fc34,INDIS-OR-2026-7513,Prabin Kumar Bora,IIT Guwahati,,,,,,,2026-09-22 19:44:26.509987+00,,,false,Organizer,,prabin@iitg.ac.in,"[1,2,3]",,,,true,false
25015aa8-1338-4b55-94cb-a974da6a3aa3,INDIS-VL-2026-3687,Megha Srivastava,IIT Guwahati,2026-09-28 04:21:43.199+00,,,2026-09-28 05:39:37.261+00,,,2026-09-22 19:44:26.509987+00,,,false,Volunteer,8707737009,megha.srivastav@iitg.ac.in,"[1,2,3]",,,,true,false
2511c20a-6827-4ed9-a1b8-705454da40f9,INDIS-OR-2026-4381,Prof. Amarendra Kumar Das,Tezpur University,2026-09-28 04:34:18.006+00,,,2026-09-28 05:34:53.125+00,,,2026-09-22 19:44:26.509987+00,,,false,Distinguished Guest,,,"[1,2,3]",,,,true,false
264ac97b-7947-4bac-9bbb-d3d2f9e1a578,INDIS2026-3014,Saakshi Shirali,"Indian Institute of Technology, Hyderabad",2026-09-28 03:51:30.72+00,,,,,,2026-09-22 19:44:26.509987+00,,,false,Author,9223236961,saakshishirali.design@gmail.com,"[1,2,3]",,,,true,false
275dc333-9493-47bf-a289-311053a8e791,INDIS-OR-2026-1117,Arundhati Gaur,MIT ID Shillong,,,,,,,2026-09-28 06:14:12.317199+00,,,false,Attendee,,,"[1,2,3]",,,,false,false
2784b900-e17e-4fb6-818e-b33eb1807fdd,INDIS2026-7892,Nanditha Sujith,MIT Institute of Design,2026-09-28 04:19:06.014+00,,,2026-09-28 05:38:18.285+00,,,2026-09-22 19:44:26.509987+00,,,false,Author,8983517852,emailnandithasujith@gmail.com,"[1,2,3]",,,,true,true
279b13e8-f13a-4acf-8525-6b4a572fdf94,INDIS-OR-2026-9851,Priyabrata Rautray,IIT Jodhpur,2026-09-28 04:14:09.396+00,,,2026-09-28 05:35:52.177+00,,,2026-09-22 19:44:26.509987+00,,,false,Session Chair,9999718924,priyabratarautray@iitj.ac.in,"[1,2,3]",,,,true,true
282e84b7-0a8a-46a2-8317-2df7e846b6a0,INDIS-VL-2026-2143,Ashwin Anil,IIT Guwahati,2026-09-28 04:32:28.974+00,,,,,,2026-09-22 19:44:26.509987+00,,,false,Volunteer,9567323616,,"[1,2,3]",,,,true,false
28fa4138-ab31-4fce-8a2b-9da15bd279b0,INDIS2026-9118,Coverage6,Coverage6,,,,2026-09-28 05:30:09.235+00,,,2026-09-28 04:54:49.242555+00,,,true,TEST,,,"[1,2,3]",,,,false,false
28fce144-1ac8-4b45-9a81-a7a6a912aef7,INDIS2026-1617,Brajendra Nandan Panda,frog,2026-09-28 04:35:03.719+00,,,2026-09-28 05:35:51.728+00,,,2026-09-22 19:44:26.509987+00,,,false,Author,9007093510,b.n.panda@gmail.com,"[1,2,3]",,,,true,false
295d1c90-f33d-45a3-8ec1-8bfedc0c80b7,INDIS-VL-2026-3849,Vidushi Pachauri,IIT Guwahati,2026-09-28 04:22:31.417+00,,,2026-09-28 05:28:43.284+00,,,2026-09-22 19:44:26.509987+00,,,false,Volunteer,8287428033,vidushi.pachaur@iitg.ac.in,"[1,2,3]",,,,true,false
29972b0e-ddd0-4ca3-9103-e20da5faa6de,INDIS-LR-2026-5106,Anushka Baghel,Netaji Subhas University of Technology,,,,,,,2026-09-22 19:44:26.509987+00,,,false,Attendee,9149256510,anu.008.baghel@gmail.com,"[1,2,3]",,,,true,false
2b16c313-da8d-4809-a8fe-813a92ad4d5b,INDIS2026-7085,Ayush Chikhalkar,Maratha Vidya Prasarak Samaj's Sharadchandraji Pawar College of Architecture,,,,,,,2026-09-22 19:44:26.509987+00,,,false,Author,962337446,ayushchikhalkar11@gmail.com,"[1,2,3]",,,,true,false
2b2ea04a-1109-485c-a902-3048b8614d63,INDIS-VL-2026-5046,Lingkojoy Oinam,IIT Guwahati,2026-09-28 04:23:51.906+00,,,,,,2026-09-22 19:44:26.509987+00,,,false,Volunteer,7736631340,lingkojoyoin@iitg.ac.in,"[1,2,3]",,,,true,false
2b488cb8-e6fe-438a-924b-7edf49b851d9,INDIS2026-5234,Coverage3,Coverage3,,,,,,,2026-09-28 04:54:07.487086+00,,,true,TEST,,,"[1,2,3]",,,,false,false
2c55d809-dd51-4853-9a52-c85f9ddd2936,INDIS-OR-2026-5921,Amit Sinha,MIT - ADT University,2026-09-28 04:38:43.552+00,,,2026-09-28 05:36:42.579+00,,,2026-09-22 19:44:26.509987+00,,,false,Organizer,,amitsinha@mitid.edu.in,"[1,2,3]",,,,true,false
2c6db433-108a-4654-affc-8d5d7468fda0,INDIS-OR-2026-3130,Prof Ravi mokashi,Iitg,,,,,,,2026-09-28 04:37:05.655705+00,,,true,TEST,,,"[1,2,3]",,,,false,false
2cc2899a-4174-4a96-8f3e-5d94fc19383a,INDIS-VL-2026-1249,Ankit Basak,IIT Guwahati,2026-09-28 03:53:46.054+00,,,,,,2026-09-22 19:44:26.509987+00,,,false,Volunteer,9728725228,ankit.basak@iitg.ac.in,"[1,2,3]",,,,true,false
2d2d79de-6218-4f84-b95f-53682c8c2c2c,INDIS2026-4401,Kasturi Kailas Katale,NID Ahmedabad,2026-09-28 05:12:10.889+00,,,,,,2026-09-22 19:44:26.509987+00,,,false,Author,8310662177,kasturi.kk14@gmail.com,"[1,2,3]",,,,true,false
2d363578-a576-40cb-86c2-0cebd0ce1df0,INDIS-VL-2026-1230,Rausan Kumar,IIT Guwahati,2026-09-28 03:47:00.531+00,,,,,,2026-09-22 19:44:26.509987+00,,,false,Volunteer,9122165619,kraushan@rnd.iitg.ac.in,"[1,2,3]",,,,true,false
2d5f79f5-b2ae-44de-aba9-bcad3dd040a6,INDIS2026-8816,Rupkatha Patra,MIT Institute of Design,2026-09-28 05:00:18.807+00,,,2026-09-28 05:35:45.322+00,,,2026-09-22 19:44:26.509987+00,,,false,Author,6294184399,rupkathapatra108@gmail.com,"[1,2,3]",,,,true,true
2e5b46e8-5507-4da2-95d4-2c037a13c59e,INDIS-OR-2026-6981,Manas Jyoti Nath,IIT Guwahati,2026-09-28 05:16:41.583+00,,,2026-09-28 05:29:43.986+00,,,2026-09-23 12:21:31.202754+00,,,false,Organizer,9864094725,mjn@iitg.ac.in,"[1,2,3]",,,,true,false
2eefb2bd-b1b8-449f-95d3-84f397e71c9e,INDIS-OR-2026-9341,Nayan Das,IIT Guwahati,,,,,,,2026-09-22 19:44:26.509987+00,,,false,Organizer,8876207639,,"[1,2,3]",,,,true,false
30b25b12-9038-4061-8dc3-2b0b4403e7fa,INDIS2026-6858,Sukriti Bhatt,MIT Institute of Design,2026-09-28 04:27:08.115+00,,,2026-09-28 05:39:25.668+00,,,2026-09-22 19:44:26.509987+00,,,false,Author,9899877198,sukritibhatt51@gmail.com,"[1,2,3]",,,,true,false
3119bcfa-596d-484c-9d7a-bab77d232a22,INDIS2026-2607,Himani Kanojia,Indian Institute Of Technology Delhi,,,,,,,2026-09-22 19:44:26.509987+00,,,false,Author,9717224705,himanikanojia10@gmail.com,"[1,2,3]",,,,true,false
32280b2d-82c2-4a27-bc76-da1149f164b9,INDIS-VL-2026-4892,Prathmesh bhumkar,IIT Guwahati,2026-09-28 03:45:28.16+00,,,2026-09-28 05:39:13.753+00,,,2026-09-22 19:44:26.509987+00,,,false,Volunteer,9175097685,prathmesh@iitg.ac.in,"[1,2,3]",,,,true,false
33673e11-5f3a-4684-8a94-1d3d654b1a3e,INDIS-OR-2026-9660,Salil Kashyap,IIT Guwahati,,,,,,,2026-09-22 19:44:26.509987+00,,,false,Special Guests,,,"[1,2,3]",,,,true,false
33f7eba3-2573-412f-85c1-0b72e13c4e93,INDIS2026-1166,Ipshita Das,IIT Guwahati,2026-09-28 04:42:25.5+00,,,2026-09-28 05:42:55.057+00,,,2026-09-22 19:44:26.509987+00,,,false,Author,70028 68595,d.ipshita@iitg.ac.in,"[1,2,3]",,,,true,false
34601785-a698-49e7-a134-50feacc41106,INDIS2026-2701,Sagar Kandal,Indian Institute of Science,2026-09-28 04:04:12.143+00,,,2026-09-28 05:36:01.751+00,,,2026-09-22 19:44:26.509987+00,,,false,Author,9738014458,sagar.ideate@gmail.com,"[1,2,3]",,,,true,false
3582b42d-b01d-4402-9768-300bb337da7f,INDIS2026-9145,Sukhleen Kaur Walia,"Punjab Engineering College (Deemed to be University), Chandigarh",,,,,,,2026-09-22 19:44:26.509987+00,,,false,Author,8178824733,sukhleen.walia11@gmail.com,"[1,2,3]",,,,true,true
370a18b1-1768-4cc5-86f3-7d14321df71c,INDIS-OR-2026-9488,Jayanta Deka,IIT Guwahati,,,,,,,2026-09-23 12:21:31.202754+00,,,false,Organizer,,joy.jayanta@iitg.ac.in,"[1,2,3]",,,,true,false
378b6017-3eb8-4900-967e-81b48a9619ba,INDIS2026-3347,Neil J John,MIT Institute of Design,2026-09-28 05:40:17.687+00,,,,,,2026-09-22 19:44:26.509987+00,,,false,Author,9048147551,neiljjohn07@gmail.com,"[1,2,3]",,,,true,true
37f17c67-7fff-4cfa-afa7-9edd68ac1f63,INDIS-OR-2026-0073,Shri Bhaskar Phukan,,,,,,,,2026-09-22 19:44:26.509987+00,,,false,Special Guests,,,"[1,2,3]",,,,true,false
37facd3f-0f9e-4fb2-a825-c3ddfa5dfc28,INDIS-VL-2026-5053,Yash Rawat,IIT Guwahati,2026-09-28 03:49:37.766+00,,,2026-09-28 05:34:31.081+00,,,2026-09-22 19:44:26.509987+00,,,false,Volunteer,8766377694,Yash.rawat@iitg.ac.in,"[1,2,3]",,,,true,false
38e02579-56bd-4aa0-95c2-5f65636eee43,INDIS-VL-2026-6052,Pratham Bhawar,IIT Guwahati,2026-09-28 04:02:48.597+00,,,2026-09-28 05:31:26.705+00,,,2026-09-22 19:44:26.509987+00,,,false,Volunteer,9309720094,pratham.bhawar@iitg.ac.in,"[1,2,3]",,,,true,false
3aad5a1c-cec8-4b7f-9145-d7f070ca6ba1,INDIS-OR-2026-9900,Prof. Hemant Kaushik,IIT Guwahati,,,,,,,2026-09-22 19:44:26.509987+00,,,false,Special Guests,,,"[1,2,3]",,,,true,false
3b917975-b2f8-4c11-8ee6-b4ecfd50a494,INDIS-LR-2026-6317,Anil Patel,M1xchange,2026-09-28 04:51:20.301+00,,,2026-09-28 05:34:02.962+00,,,2026-09-22 19:44:26.509987+00,,,false,Attendee,8511460133,anil.patel@m1xchange.com,"[1,2,3]",,,,true,false
3bdc48e9-bddf-441b-b9a0-12c5dba12eed,INDIS-OR-2026-3545,Ajeet Kumar,IIT Guwahati,2026-09-28 04:35:31.081+00,,,,,,2026-09-23 12:21:31.202754+00,,,false,Organizer,9031132466,ajeetkumar@iitg.ac.in,"[1,2,3]",,,,true,false
3e84727d-b115-4691-9acd-b7e05f9b0a02,INDIS2026-9354,Mantu Das,Vellore Institute of Technology,2026-09-28 03:51:42.65+00,,,,,,2026-09-22 19:44:26.509987+00,,,false,Author,9958912567,mantu.das@vit.ac.in,"[1,2,3]",,,,true,false
3fa6cfbf-2eec-44a2-9d4a-40110a5ea4da,INDIS2026-5962,Amulya Mallavarapu,Indian Institute of Technology Hyderabad,2026-09-28 03:50:24.825+00,,,,,,2026-09-22 19:44:26.509987+00,,,false,Author,7382744327,amulya.mallavarapu@gmail.com,"[1,2,3]",,,,true,false
403ea9fe-14ab-4ebb-9a95-31de4f829307,INDIS-OR-2026-2654,Hitesh Sharma,IIT Guwahati,2026-09-28 04:26:05.81+00,,,2026-09-28 05:32:43.397+00,,,2026-09-23 12:21:31.202754+00,,,false,Organizer,9435119009,hitesh@iitg.ac.in,"[1,2,3]",,,,true,false
4058c3ee-41e6-48cb-82cd-524a8b0a00b1,INDIS-OR-2026-1449,Sheetal M. Gokhale,IIT Guwahati,2026-09-28 03:53:48.796+00,,,2026-09-28 05:38:23.189+00,,,2026-09-22 19:44:26.509987+00,,,false,Theme Chair,9930890369,sheetalg@iit.ac.in,"[1,2,3]",,,,true,false
40a8df04-504d-4cf9-9a4c-c381307d5f40,INDIS-VL-2026-8904,Divyanshu Meena,IIT Guwahati,2026-09-28 03:49:49.509+00,,,2026-09-28 05:31:28.595+00,,,2026-09-22 19:44:26.509987+00,,,false,Volunteer,8302257110,divyanshu.meena@iitg.ac.in,"[1,2,3]",,,,true,false
4102aae2-6a61-46bc-8e7d-1ce4fc2cdcb7,INDIS-OR-2026-8754,Shiv Kumar Verma,IIT Jodhpur,2026-09-28 04:32:24.718+00,,,2026-09-28 05:34:14.766+00,,,2026-09-22 19:44:26.509987+00,,,false,Session Chair,9957998636,skv@iitj.ac.in,"[1,2,3]",,,,true,false
41e2a5be-c523-47d1-b4f5-306cd6728770,INDIS-OR-2026-8524,Ajoy Barman,IIT Guwahati,2026-09-28 05:01:35.79+00,,,2026-09-28 05:26:11.105+00,,,2026-09-22 19:44:26.509987+00,,,false,Organizer,,ajaybarman@rnd.iitg.ac.in,"[1,2,3]",,,,true,false
42a4b36b-2b23-4baa-8066-c9ed10e4062d,INDIS2026-4580,Medini Prabha,Footwear Design & Development Institute,2026-09-28 04:25:38.871+00,,,2026-09-28 05:35:10.883+00,,,2026-09-22 19:44:26.509987+00,,,false,Author,8709454941,mediniprabha2689@gmail.com,"[1,2,3]",,,,true,true
42a71791-c247-4be8-bc4d-5c9975be3df7,INDIS-SP-2026-0581,Nishant Gupta,BCG,,,,,,,2026-09-22 19:44:26.509987+00,,,false,Keynote Speaker,,,"[1,2,3]",,,,true,false
42d5dfd8-8969-45ba-905f-5f39ff1a0173,INDIS-OR-2026-9396,Prof. Rajesh S,MIT - ADT University,2026-09-28 04:31:31.775+00,,,2026-09-28 05:37:00.268+00,,,2026-09-22 19:44:26.509987+00,,,false,Distinguished Guest,,,"[1,2,3]",,,,true,false
436ea97d-67ed-4910-877a-cb76c7069ecf,INDIS2026-3664,Shubham Bhatt,"NDIIT, New Delhi, India",2026-09-28 03:50:49.38+00,,,2026-09-28 05:25:47.46+00,,,2026-09-22 19:44:26.509987+00,,,false,Author,92896 85837,shubhambhatt0908@gmail.com,"[1,2,3]",,,,true,true
43717546-f504-4e16-9f98-d4a2370c72b2,INDIS-OR-2026-7140,Prof. Nachiket Thakur,MIT - ADT University,2026-09-28 04:19:25.053+00,,,2026-09-28 05:35:45.108+00,,,2026-09-22 19:44:26.509987+00,,,false,Special Guests,,,"[1,2,3]",,,,true,false
43fac9ba-cae5-463c-b0f8-895541c38e2b,INDIS2026-2339,Ujjwala Rajkumar Rathod,"Institute Of Design MIT-ADT University, Pune",2026-09-28 04:39:48.818+00,,,2026-09-28 05:25:20.584+00,,,2026-09-22 19:44:26.509987+00,,,false,Author,8805087054,ujjwalar40@gmail.com,"[1,2,3]",,,,true,false
449dac36-7a94-4d90-ae03-31868c4c4a3f,INDIS-VL-2026-1666,Sayan Sarkar,IIT Guwahati,2026-09-28 03:49:03.459+00,,,,,,2026-09-22 19:44:26.509987+00,,,false,Volunteer,7687844484,sayans5104@iitg.ac.in,"[1,2,3]",,,,true,false
44a8c61d-fc45-45fc-8f2b-5464c455c1fe,INDIS2026-7217,Nabajit Deka,"ISDI, ATLAS SkillTech University",2026-09-28 04:29:14.863+00,,,2026-09-28 05:35:00.039+00,,,2026-09-22 19:44:26.509987+00,,,false,Author,8822533400,nabajitdeka.edu@gmail.com,"[1,2,3]",,,,true,false
45328d33-ff40-4644-bdf4-9d1f95754af9,INDIS2026-8245,Shrikant Ekbote,MIT - ADT University,2026-09-28 04:16:22.866+00,,,2026-09-28 05:35:02.027+00,,,2026-09-22 19:44:26.509987+00,,,false,Organizer,9881379169,shrikantekbote@mitid.edu.in,"[1,2,3]",,,,true,false
459fa818-72f0-4404-86b4-5f91d8674a11,INDIS2026-9317,Gaurav Vinodrao Vaidya,Indian Institute of Technology Jodhpur,,,,,,,2026-09-22 19:44:26.509987+00,,,false,Author,8977219281,gauravvaidya@iitj.ac.in,"[1,2,3]",,,,true,false
46b1a1f8-c980-4e5e-b452-c56f8efd4d49,INDIS-VL-2026-3145,Ganesh Shinde,IIT Guwahati,,,,,,,2026-09-22 19:44:26.509987+00,,,false,Volunteer,8605330306,ganesh.shinde@iitg.ac.in,"[1,2,3]",,,,true,false
47cc2473-00d2-4923-b531-d2e3459043ea,INDIS-VL-2026-9109,Ritesh Deepak Deshmukh,IIT Guwahati,2026-09-28 04:46:30.55+00,,,2026-09-28 05:29:49.887+00,,,2026-09-22 19:44:26.509987+00,,,false,Volunteer,9588692519,ritesh.deshmukh@iitg.ac.in,"[1,2,3]",,,,true,false
48c1cc59-138c-49d5-a079-32e84d8518e6,INDIS2026-2327,Samir Kumar Dash,Accenture India Private Limited,2026-09-28 03:30:10.016+00,,,,,,2026-09-22 19:44:26.509987+00,,,false,Author,8971962520,mobilewish@gmail.com,"[1,2,3]",,,,true,false
491bd354-747a-4b0a-a74f-b07c0429b2f4,INDIS-VL-2026-1908,Vaisakh B,IIT Guwahati,2026-09-28 04:28:55.46+00,,,2026-09-28 05:29:12.252+00,,,2026-09-22 19:44:26.509987+00,,,false,Volunteer,8075055379,vaisakh@iitg.ac.in,"[1,2,3]",,,,true,false
49c3de8a-8d02-4309-8c3d-776b4218fed4,INDIS-OR-2026-7056,Utpal Barua,IIT Guwahati,2026-09-28 04:16:29.94+00,,,,,,2026-09-22 19:44:26.509987+00,,,false,Organizer,9678074569,utpalb@iitg.ac.in,"[1,2,3]",,,,true,false
49db0bc3-8c8f-4289-8385-aaea2ea27a1f,INDIS-VL-2026-1415,Dorothy Goswami,IIT Guwahati,2026-09-28 03:45:18.483+00,,,2026-09-28 05:43:14.079+00,,,2026-09-22 19:44:26.509987+00,,,false,Volunteer,9315970628,dorothy@iitg.ac.in,"[1,2,3]",,,,true,false
4a324830-6391-4810-bda0-6807d6085d21,INDIS2026-4581,Harimurali J,NID jorhat,2026-09-28 04:06:45.933+00,,,2026-09-28 05:36:59.936+00,,,2026-09-22 19:44:26.509987+00,,,false,Author,8848565895,harimurali4377@gmail.com,"[1,2,3]",,,,true,true
4ac5ba5e-c987-4970-889f-3f9409b87edc,INDIS-OR-2026-2429,Pabitra Das,IIT Guwahati,,,,,,,2026-09-22 19:44:26.509987+00,,,false,Organizer,8876484798,,"[1,2,3]",,,,true,false
4ba31ff3-0d67-4d58-ba8c-320161b9f7cc,INDIS-OR-2026-6020,C. S. Susanth,NID Jorhat,,,,,,,2026-09-22 19:44:26.509987+00,,,false,Distinguished Guest,,,"[1,2,3]",,,,true,false
4c267b87-d2a9-4220-8b90-8605983e9200,INDIS2026-7886,Nilakshi Yein,IIT Delhi,2026-09-28 04:32:32.189+00,,,2026-09-28 05:34:20.732+00,,,2026-09-22 19:44:26.509987+00,,,false,Session Chair,,nyein@design.iitd.ac.in,"[1,2,3]",,,,true,false
4c35e53f-9d72-4567-94bb-4d3c790a4074,INDIS2026-9258,Shubham Ravindra Bhamre,Maratha Vidya Prasarak Samaj's Sharadchandraji Pawar College of Architecture,,,,,,,2026-09-22 19:44:26.509987+00,,,false,Author,7796379548,shbhmartmvp@gmail.com,"[1,2,3]",,,,true,false
4d95fe5e-80f9-48bf-8b99-322199e99cfa,INDIS-LR-2026-9324,Srishti Sharma,Netaji Subhas University of Technology,,,,,,,2026-09-22 19:44:26.509987+00,,,false,Attendee,7526001108,srishtisharma.min@gmail.com,"[1,2,3]",,,,true,false
4eebf95f-d627-4665-85d6-c6e712dd53f5,INDIS-SP-2026-0080,Vikalp Sahni,Eka Care,,,,,,,2026-09-22 19:44:26.509987+00,,,false,Keynote Speaker,,,"[1,2,3]",,,,true,false
4f05e763-f065-44fe-af6f-424e597eb514,INDIS2026-7848,Amitabh Bordoloi,IIT Guwahati,2026-09-28 04:19:07.846+00,,,2026-09-28 05:32:39.932+00,,,2026-09-22 19:44:26.509987+00,,,false,Organizer,9864029104,amitabh@iitg.ac.in,"[1,2,3]",,,,true,false
5037d2d8-7880-4726-b142-28d2ddec95a3,INDIS2026-7390,Anshita Tiwari,Delhi Technological University,2026-09-28 03:57:33.114+00,,,2026-09-28 05:35:27.175+00,,,2026-09-22 19:44:26.509987+00,,,false,Author,7000348437,anshita_23bd20@dtu.ac.in,"[1,2,3]",,,,true,true
514c0c26-fc3a-485a-81ad-35a4150798b8,INDIS-OR-2026-0076,Abhijit Barua,IIT Guwahati,2026-09-28 04:13:42.756+00,,,2026-09-28 05:22:53.379+00,,,2026-09-23 12:21:31.202754+00,,,false,Organizer,9864050005,abhijitbarua@iitg.ac.in,"[1,2,3]",,,,true,false
523b39aa-c788-450f-864d-0001ff5ed675,INDIS2026-3349,Atulya Venkatesh,"School of Design Innovation, Mahindra University",2026-09-28 03:45:18.891+00,,,,,,2026-09-22 19:44:26.509987+00,,,false,Author,9498000210,atulya.venkatesh@mahindrauniversity.edu.in,"[1,2,3]",,,,true,false
523ef0fe-17fe-45f2-a06b-a0d38e0c5242,INDIS-OR-2026-1835,Keyur Sorathia,IIT Guwahati,2026-09-28 04:19:32.612+00,,,2026-09-28 05:26:47.229+00,,,2026-09-22 19:44:26.509987+00,,,false,Organizer,8011693660,keyur@iit.ac.in,"[1,2,3]",,,,true,false
54ad7f10-f50a-4872-a103-3d864fed28c7,INDIS-OR-2026-6899,Sharmistha Banerjee,IIT Guwahati,2026-09-28 04:40:09.493+00,,,,,,2026-09-22 19:44:26.509987+00,,,false,Organizer,7002384261,sharmistha@iitg.ac.in,"[1,2,3]",,,,true,false
55184f12-a609-45af-8c65-362a97c5a528,INDIS2026-7295,Meenakshi Mishra,Bennett University,2026-09-28 04:33:00.68+00,,,2026-09-28 05:19:43.861+00,,,2026-09-22 19:44:26.509987+00,,,false,Author,9819911590,meenakshi.mishra@bennett.edu.in,"[1,2,3]",,,,true,false
56b3aae7-c7c4-4c1b-9c2b-49735b3966dd,INDIS2026-3170,Mohammad Zahid Khan,"Indian Institute of Technology, Kanpur",2026-09-28 03:34:58.706+00,,,2026-09-28 05:35:21.349+00,,,2026-09-22 19:44:26.509987+00,,,false,Author,9319951541,zahidkm24@iitk.ac.in,"[1,2,3]",,,,true,false
57a68455-cf92-4fe8-8cff-738eb71d417e,INDIS-VL-2026-9084,Shreyanshi Sahoo,IIT Guwahati,2026-09-28 04:21:58.037+00,,,,,,2026-09-22 19:44:26.509987+00,,,false,Volunteer,9337362895,shreyanshi.saho@iitg.ac.in,"[1,2,3]",,,,true,false
57e156dc-6ec5-4a1f-a20a-6e3a8c194816,INDIS2026-4435,Amit Kumar Sinha,"MIT Institute of Design, MIT ADT University",2026-09-28 04:18:09.837+00,,,,,,2026-09-22 19:44:26.509987+00,,,false,Author,9925205099,amitkumar.sinha@mituniversity.edu.in,"[1,2,3]",,,,true,false
58de4957-a133-4b08-a3ea-b7f8420a95ff,INDIS-OR-2026-3743,Bhushan Pathade,MITID,,,,,,,2026-09-24 07:37:28.021274+00,,,false,Volunteer,8308078789,bhushan.pathade@mituniversity.edu.in,"[1,2,3]",,,,true,false
59b98e54-7bce-4978-b981-36bc2974b423,INDIS-VL-2026-2642,Bhavya Upadhyay,IIT Guwahati,2026-09-28 05:00:27.637+00,,,,,,2026-09-22 19:44:26.509987+00,,,false,Volunteer,9060735044,bhavya.upadhyay@iitg.ac.in,"[1,2,3]",,,,true,false
59cf4509-fcb6-4439-befd-5ff792d91c9a,INDIS-OR-2026-9941,Gaurav Vaidya,IIT Jodhpur,2026-09-28 04:14:08.184+00,,,2026-09-28 05:29:34.772+00,,,2026-09-22 19:44:26.509987+00,,,false,Session Chair,,gauravvaidya@iitj.ac.in,"[1,2,3]",,,,true,false
5b09aec1-e913-4ae8-8838-50047aec6bad,INDIS2026-3443,Arshiya Kapoor,MIT - ADT University,2026-09-28 04:38:31.393+00,,,2026-09-28 05:19:04.194+00,,,2026-09-22 19:44:26.509987+00,,,false,Organizer,9890377177,arshiyakapoor@mitid.edu.in,"[1,2,3]",,,,true,false
5b7cfabf-6234-4f2c-82f4-488f7953c03d,INDIS-OR-2026-3148,Debayan Dhar,IIT Guwahati,2026-09-28 04:26:16.451+00,,,,,,2026-09-22 19:44:26.509987+00,,,false,Vice Chair,95452 30066,debayan@iitg.ac.in,"[1,2,3]",,,,true,false
5dcd08fa-2c58-463c-9658-2a97dc30f2e0,INDIS-VL-2026-8625,Utkarsh Bajpai,IIT Guwahati,2026-09-28 04:24:01.247+00,,,2026-09-28 05:24:33.493+00,,,2026-09-22 19:44:26.509987+00,,,false,Volunteer,7905851753,utkarsh.bajpai@iitg.ac.in,"[1,2,3]",,,,true,false
5e0b586b-e39b-496e-96ef-4589f5c096c3,INDIS2026-2194,Mathew Kurien,"Srishti Manipal Institute of Art, Design and Technology",2026-09-28 05:11:23.671+00,,,2026-09-28 05:19:07.331+00,,,2026-09-22 19:44:26.509987+00,,,false,Author,9811267535,mathkuri@gmail.com,"[1,2,3]",,,,true,false
5f6058aa-0bf0-4211-829f-8c814f522652,INDIS-VL-2026-9381,Santosh Bhiva Pakhre,IIT Guwahati,2026-09-28 03:45:10.105+00,,,2026-09-28 05:31:16.866+00,,,2026-09-22 19:44:26.509987+00,,,false,Volunteer,9738162559,santoshp@iitg.ac.in,"[1,2,3]",,,,true,false
5f98e58f-d5e6-4998-9b01-3461da5b19be,INDIS2026-5893,Naman Malik,Deloitte US-India,2026-09-28 04:59:33.81+00,,,2026-09-28 05:26:31.87+00,,,2026-09-22 19:44:26.509987+00,,,false,Author,9457039979,naman0066@gmail.com,"[1,2,3]",,,,true,false
5fbf5a1d-e904-43da-af67-34b8167e0a68,INDIS-OR-2026-4506,Rakesh Kumar,"C&M, HQ",2026-09-28 04:43:51.327+00,,,2026-09-28 05:20:56.298+00,,,2026-09-26 13:05:11.480763+00,,,false,Attendee,9430496650,rakesh.kumar3@dvc.gov.in,"[1,2,3]",,,,true,false
603b3a02-c2fe-41b2-85a7-ae1c58e19a15,INDIS-LR-2026-7094,Eleazear L Nongrang,MIT University Meghalaya,2026-09-28 05:35:45.759+00,,,,,,2026-09-22 19:44:26.509987+00,,,false,Attendee,9436383796,eleazear.nongrang.bdes.2025@mitu.edu.in,"[1,2,3]",,,,true,false
613ba4a2-04c8-4ba0-8f5f-2093ac28d48e,INDIS-OR-2026-6542,Manoj Majhi,IIT Guwahati,2026-09-28 04:16:06.562+00,,,2026-09-28 05:35:02.553+00,,,2026-09-22 19:44:26.509987+00,,,false,Organizer,9954022471,manojmaj@iit.ac.in,"[1,2,3]",,,,true,false
6197a431-2fb9-4419-9a17-0b26fddac318,INDIS-LR-2026-7995,Pranali Bakar,Design Habitat,2026-09-28 03:52:45.506+00,,,2026-09-28 05:37:42.453+00,,,2026-09-22 19:44:26.509987+00,,,false,Attendee,90491 71462,pranalibankar17@gmail.com,"[1,2,3]",,,,true,false
63c8c283-a3e9-4ebc-bf9f-adf89f3d8510,INDIS2026-2028,Karishma Batra,Footwear Design and Development Institute (Noida),2026-09-28 04:26:01.978+00,,,2026-09-28 05:35:18.387+00,,,2026-09-22 19:44:26.509987+00,,,false,Author,9643031890,karishmabatra@outlook.com,"[1,2,3]",,,,true,true
64488b84-6fbb-4520-aded-2232a86b005a,INDIS2026-4970,Eshaan Nair,"Indian Institute of Technology, Hyderabad",2026-09-28 03:57:24.062+00,,,2026-09-28 05:35:36.037+00,,,2026-09-22 19:44:26.509987+00,,,false,Author,8989008851,bd23bdes11007@iith.ac.in,"[1,2,3]",,,,true,true
649f0743-8f7f-4b2d-a56b-ddddf68dadcb,INDIS2026-7106,Sakshi Bhatt,"NDIIT, New Delhi",2026-09-28 03:48:07.537+00,,,2026-09-28 05:25:55.851+00,,,2026-09-22 19:44:26.509987+00,,,false,Author,8851798152,sakshibhatt0518@gmail.com,"[1,2,3]",,,,true,true
67fc1082-2c11-44db-8598-9df3715ef58a,INDIS2026-8611,Simleen Kaur Suri,Mit Institute Of Design,2026-09-28 05:46:48.788+00,,,,,,2026-09-22 19:44:26.509987+00,,,false,Author,9560974921,sifti.11tejas@gmail.com,"[1,2,3]",,,,true,false
68199eb9-42d4-4bfa-95ae-e4e5bb1db20a,INDIS-VL-2026-6771,Sharanya Viswanath,MIT -ADT University,2026-09-28 04:25:58.404+00,,,,,,2026-09-22 19:44:26.509987+00,,,false,Volunteer,,,"[1,2,3]",,,,true,false
6827d446-c015-4b3a-a31a-32a32aa11ce8,INDIS2026-7920,Chiranjib Narzary,MITADT university,2026-09-28 04:04:54.884+00,,,2026-09-28 05:36:16.013+00,,,2026-09-22 19:44:26.509987+00,,,false,Author,9650826576,chiranjib.narzary@mituniversity.edu.in,"[1,2,3]",,,,true,false
68775709-39fe-4246-87c6-70ea6ee80016,INDIS-VL-2026-8560,Akarshan Agrawal,IIT Guwahati,,,,,,,2026-09-22 19:44:26.509987+00,,,false,Volunteer,831 950 7742,Akarshan@rnd.iitg.ac.in,"[1,2,3]",,,,true,false
6946727d-41bd-4ff2-815e-ab19a5366a5e,INDIS-LR-2026-4559,Charmi Javeri,Anant National University,2026-09-28 04:35:30.582+00,,,2026-09-28 05:38:11.425+00,,,2026-09-22 19:44:26.509987+00,,,false,Attendee,9372563575,charmi.javeri.sod24@anu.edu.in,"[1,2,3]",,,,true,false
696d0a76-0cc1-4455-8131-0f04891313eb,INDIS2026-6584,Liuting Zhang,Zhejiang University of Technology,,,,,,,2026-09-22 19:44:26.509987+00,,,false,Author,15606531667,idzhangll@126.com,"[1,2,3]",,,,true,false
69d33204-b0df-4060-b108-5c7c013e3a1f,INDIS-OR-2026-7566,Manash Jyoti Nath,IIT Guwahati,2026-09-28 05:03:01.255+00,,,2026-09-28 05:23:02.244+00,,,2026-09-22 19:44:26.509987+00,,,false,Organizer,,manash.n@iitg.ac.in,"[1,2,3]",,,,true,false
69f47dda-4b29-4986-923d-03d78a77c7ab,INDIS-VL-2026-3216,Sarvesh Jadhaav,IIT Guwahati,,,,2026-09-28 05:32:08.277+00,,,2026-09-22 19:44:26.509987+00,,,false,Volunteer,8087198797,sarvesh.j@iitg.ac.in,"[1,2,3]",,,,true,false
6ab80b40-4f40-4d11-981f-2cd1e7fbd65c,INDIS2026-6057,Bavrawee Phukan,Tezpur University,2026-09-28 03:41:21.513+00,,,2026-09-28 05:33:33.037+00,,,2026-09-22 19:44:26.509987+00,,,false,Author,8486462056,srini@tezu.ernet.in,"[1,2,3]",,,,true,false
6c8cafd0-8d88-4ba8-8948-3ca2ee5b05b3,INDIS-VL-2026-5999,Meghana Kumthekar,IIT Guwahati,,,,,,,2026-09-22 19:44:26.509987+00,,,false,Volunteer,8888828870,meghana.kumthek@iitg.ac.in,"[1,2,3]",,,,true,false
6d196009-fe63-4d80-9395-07bb7ba4b44d,INDIS-OR-2026-0441,Abhishek Singh,IIT Guwahati,2026-09-28 04:13:17.67+00,,,,,,2026-09-23 12:21:31.202754+00,,,false,Organizer,7663036934,abhisheksingh11@iit.ac.in,"[1,2,3]",,,,true,false
6dc70ee1-537e-4416-b35d-c71476fe243a,INDIS-LR-2026-8457,Shoon Le Yee Oo,Assumption University,,,,,,,2026-09-22 19:44:26.509987+00,,,false,Attendee,804538775,shoonleyeeoo@au.edu,"[1,2,3]",,,,true,false
6e860a64-a5e9-4678-b7e8-130554cff2f7,INDIS-OR-2026-6487,Prof. Shantikam Hazarika,,,,,,,,2026-09-22 19:44:26.509987+00,,,false,Special Guests,,,"[1,2,3]",,,,true,false
6f0ec496-19f6-44d3-91ee-debfbf17e120,INDIS-OR-2026-0762,Pratul Chandra Kalita,IIT Guwahati,2026-09-28 05:01:20.933+00,,,,,,2026-09-22 19:44:26.509987+00,,,false,Conference Chair,9864305145,pratulkalita@iitg.ac.in,"[1,2,3]",,,,true,false
6f6da7e3-29fc-45eb-9d9c-dbbdf2216e5e,INDIS-OR-2026-0233,Prof. Sarat Kumar Patra,IIIT Guwahati / NIT Agartala,,,,,,,2026-09-22 19:44:26.509987+00,,,false,Distinguished Guest,,,"[1,2,3]",,,,true,false
71cbc02a-ae7c-43eb-b968-d22dc3dfe33e,INDIS-VL-2026-6718,Manoj Sai Bhupathi,IIT Guwahati,2026-09-28 04:26:13.476+00,,,2026-09-28 05:29:52.47+00,,,2026-09-22 19:44:26.509987+00,,,false,Volunteer,9515966269,bhupathi@iitg.ac.in,"[1,2,3]",,,,true,false
744d82ca-5ddc-4944-88e5-e953e23350cb,INDIS-OR-2026-4602,Parlie Dutta,IIT Guwahati,2026-09-28 06:14:30.766+00,,,,,,2026-09-22 19:44:26.509987+00,,,false,Organizer,9101250473,parlie92@rnd.iitg.ac.in,"[1,2,3]",,,,true,false
750bfb7a-29a1-4de2-b406-a88786a789bf,INDIS2026-4171,Sinmoy Goswami,"Assam Institute of Management (AIM), Guwahati",2026-09-28 04:38:57.506+00,,,,,,2026-09-22 19:44:26.509987+00,,,false,Author,7002740430,sinmoy.goswami@gmail.com,"[1,2,3]",,,,true,false
756a785c-4aa0-483d-b613-7b1ba5369bdb,INDIS-OR-2026-5956,Sushant Karande,MITID,,,,,,,2026-09-24 07:37:28.021274+00,,,false,Volunteer,8975447828,sushant.karande@mituniversity.edu.in,"[1,2,3]",,,,true,false
75c46499-1c32-4570-82fd-275c4aa277e0,INDIS-OR-2026-7784,P k Bora,IITG,,,,,,,2026-09-28 04:38:56.181918+00,,,true,TEST,,,"[1,2,3]",,,,false,false
76eeba8f-ef66-4cae-b75a-c39916b30d4f,INDIS2026-1174,Sushim Shetty,"School of Design, UPES Dehradun",,,,,,,2026-09-22 19:44:26.509987+00,,,false,Author,9731543567,tosushim@gmail.com,"[1,2,3]",,,,true,true
78eeb84f-71c6-48a5-bdb5-e16a11a9eece,INDIS-OR-2026-0419,Anupam Saha,Barak Valley Engineering College,,,,2026-09-28 05:32:52.805+00,,,2026-09-28 04:44:49.265022+00,,,true,TEST,7002081304,anupamsaha.work@gmail.com,[1],,,,false,false
79ca4e2c-e695-4be0-9267-ec6d10c301a0,INDIS2026-6347,Annanya Bhuyan,University of Delhi,2026-09-28 04:31:41.702+00,,,2026-09-28 05:36:51.022+00,,,2026-09-22 19:44:26.509987+00,,,false,Author,8876252009,abhuyan@cic.du.ac.in,"[1,2,3]",,,,true,true
7a02337f-5f81-4128-bbb5-f1e79182143c,INDIS-OR-2026-9361,Shri Nitish Kumar,,,,,,,,2026-09-22 19:44:26.509987+00,,,false,Special Guests,,,"[1,2,3]",,,,true,false
7a904eab-65da-4504-a5a1-a1a4664d3701,INDIS-VL-2026-1951,Nishad Niphade,IIT Guwahati,2026-09-28 03:45:39.952+00,,,2026-09-28 05:34:34.583+00,,,2026-09-22 19:44:26.509987+00,,,false,Volunteer,8766907114,nishad.niphade@iitg.ac.in,"[1,2,3]",,,,true,false
7b5cada0-c8d4-48d3-b19b-00db46f83951,INDIS-LR-2026-8587,SHOVAN KANTI KAR,INDIAN INSTITUTE OF TECHNOLOGY HYDERABAD,,,,,,,2026-09-22 19:44:26.509987+00,,,false,Attendee,9582544337,md24resch04003@iith.ac.in,"[1,2,3]",,,,true,false
7bde284f-4eb7-4add-a3cd-d8451dab9c87,INDIS2026-3509,Tanishka Kushare,N.D.M.V.P Sharadchandra Pawarji College of Architecture And Center For Design,,,,,,,2026-09-22 19:44:26.509987+00,,,false,Author,8855939605,tanishkakushare896@gmail.com,"[1,2,3]",,,,true,false
7c9dd6e6-7097-446f-a913-9f4d6a26d048,INDIS2026-5174,Daksha Vishwas Dorugade,Unitedworld Institute of Design (UID) - Ahmedabad,,,,,,,2026-09-22 19:44:26.509987+00,,,false,Author,9833094918,daksha.design07@gmail.com,"[1,2,3]",,,,true,false
7d258535-5fec-4fec-84c4-1b6ecd27fc0c,INDIS-OR-2026-1682,Umme Hani,NIFT Shillong,,,,2026-09-28 05:34:16.791+00,,,2026-09-28 04:32:55.820301+00,,,true,TEST,8822302549,umme.hani@nift.ac.in,"[1,2,3]",,,,false,false
7e96e984-4cfb-4d25-af31-777eba6982bc,INDIS2026-1602,Kartikeya Rai,Indian Institute of Technology Kanpur,2026-09-28 04:07:21.085+00,,,2026-09-28 05:28:11.312+00,,,2026-09-22 19:44:26.509987+00,,,false,Author,9621591881,kartikeya23@iitk.ac.in,"[1,2,3]",,,,true,false
7ea46b85-7c25-4064-95ef-27d54d269d6b,INDIS-OR-2026-7711,Dipumoni Deka,IIT Guwahati,2026-09-28 05:16:55.71+00,,,2026-09-28 05:29:52.521+00,,,2026-09-22 19:44:26.509987+00,,,false,Organizer,9678738947,,"[1,2,3]",,,,true,false
7fdd2f81-8f29-48c8-be90-f5a041d3737d,INDIS-VL-2026-0516,Baishalee Sanowal,IIT Guwahati,2026-09-28 03:44:57.742+00,,,2026-09-28 05:42:51.88+00,,,2026-09-22 19:44:26.509987+00,,,false,Volunteer,7896770218,baishalee@iitg.ac.in,"[1,2,3]",,,,true,false
80a6ab10-614f-4107-a662-bac40eefc231,INDIS2026-1173,Smita Bhuyan,"General Administration department, Government of Assam",2026-09-28 04:25:14.732+00,,,,,,2026-09-22 19:44:26.509987+00,,,false,Author,9864390243,smitabhuyan09@gmail.com,"[1,2,3]",,,,true,true
80c781af-4b68-4d87-ae6c-3e315c545907,INDIS-VL-2026-6235,Vaibhavi Hada,MIT -ADT University,2026-09-28 04:26:17.93+00,,,,,,2026-09-22 19:44:26.509987+00,,,false,Volunteer,,,"[1,2,3]",,,,true,false
816d17d8-1353-4cc0-a83c-57d3e105b8e4,INDIS-VL-2026-5941,Prashant Kumar Singh,IIT Guwahati,2026-09-28 03:45:31.597+00,,,,,,2026-09-22 19:44:26.509987+00,,,false,Volunteer,9528097742,prashant.singh@iitg.ac.in,"[1,2,3]",,,,true,false
81a55982-5098-4a27-b0d7-816cd420c141,INDIS2026-8997,S. Durga darshini,Indian Institute of Craft and Technology,2026-09-28 03:46:50.168+00,,,2026-09-28 05:36:22.878+00,,,2026-09-22 19:44:26.509987+00,,,false,Author,9361987061,durgadarshinis2024@iicd.ac.in,"[1,2,3]",,,,true,true
824c2a9a-b368-4f8c-80d2-467ce4144a16,INDIS-OR-2026-6324,Dnyandeo Neelwarna,MIT - ADT University,2026-09-28 04:20:51.05+00,,,2026-09-28 05:37:05.723+00,,,2026-09-22 19:44:26.509987+00,,,false,Organizer,,coe@mituniversity.edu.in,"[1,2,3]",,,,true,false
82773f2f-aa15-444d-b1a1-fafb2389f35b,INDIS-OR-2026-4702,Mrinal Kumar Borthakur,IIT Guwahati,2026-09-28 04:19:28.14+00,,,2026-09-28 05:26:07.789+00,,,2026-09-22 19:44:26.509987+00,,,false,Organizer,7002892526,mrinalborthakur@rnd.iitg.ac.in,"[1,2,3]",,,,true,false
8323a645-f421-4fc8-834a-33713cb4489c,INDIS2026-6471,Avyukt Yadav,IIT Guwahati,2026-09-28 03:58:05.322+00,,,2026-09-28 05:23:50.726+00,,,2026-09-22 19:44:26.509987+00,,,false,Author,9625701009,avyuktpy@gmail.com,"[1,2,3]",,,,true,false
83fbae02-1ba1-4239-b794-159a5d0a854e,INDIS-OR-2026-4943,Mridul Das,IITG,,,,,,,2026-09-28 06:14:12.317199+00,,,false,Organizer,,,"[1,2,3]",,,,false,false
84048b29-e03b-4b9b-87af-a4cdedc25833,INDIS-VL-2026-6271,Teressa Ngangom,IIT Guwahati,2026-09-28 04:22:03.954+00,,,2026-09-28 05:29:22.172+00,,,2026-09-22 19:44:26.509987+00,,,false,Volunteer,9378010691,teressa@iitg.ac.in,"[1,2,3]",,,,true,false
842807b7-66e8-4974-84dd-7cf5b47b28ac,INDIS-VL-2026-1264,Mayuri Joshi,IIT Guwahati,2026-09-28 04:22:24.335+00,,,2026-09-28 05:24:47.665+00,,,2026-09-22 19:44:26.509987+00,,,false,Volunteer,8104778869,mayuri.joshi@iitg.ac.in,"[1,2,3]",,,,true,false
84ce84c1-f5c7-4283-bc9c-7735663ca28e,INDIS-OR-2026-4712,Shakuntala Acharya,IIT Guwahati,2026-09-28 04:43:31.053+00,,,,,,2026-09-22 19:44:26.509987+00,,,false,Vice Chair,9181079179,shakuntala.a@iitg.ac.in,"[1,2,3]",,,,true,false
8544b473-b6b4-4722-99cc-633d358828c2,INDIS-OR-2026-5528,Mriganka Madhukailya,IIT Guwahati,2026-09-28 04:43:19.795+00,,,2026-09-28 05:36:29.507+00,,,2026-09-22 19:44:26.509987+00,,,false,Organizer,9954040375,mriganka@iitg.ac.in,"[1,2,3]",,,,true,false
854c8874-72c5-4ca0-967b-5a7ccf331f21,INDIS-OR-2026-7611,Prof. Debmalaya Bhattacharya,MIT University Meghalaya,2026-09-28 04:52:02.482+00,,,,,,2026-09-22 19:44:26.509987+00,,,false,Special Guests,,,"[1,2,3]",,,,true,false
86ae002d-4e0d-4c49-a17f-8782bbcfc101,INDIS-OR-2026-9608,Ranoj Pegu,,,,,,,,2026-09-22 19:44:26.509987+00,,,false,Guest of Honour,,,"[1,2,3]",,,,true,false
88f40b96-c0f3-4a24-9fa3-88c71c613844,INDIS2026-8410,Taneesha Tank,JECRC University,2026-09-28 04:12:44.138+00,,,2026-09-28 05:35:55.806+00,,,2026-09-22 19:44:26.509987+00,,,false,Author,7877231554,tanktaneesha@gmail.com,"[1,2,3]",,,,true,true
8afbacfa-13a4-4fc0-b7a9-6755fdc64d37,INDIS2026-9685,Rijuka Jadhav,"National Institute of Design, Assam",2026-09-28 04:52:45.843+00,,,2026-09-28 05:37:05.977+00,,,2026-09-22 19:44:26.509987+00,,,false,Author,6266325565,rijukajadhav08@gmail.com,"[1,2,3]",,,,true,false
8c208b9f-bcd7-4fbe-b63e-c9224c61caaa,INDIS-LR-2026-0240,Pitambar Ranadive,NIT Silchar,2026-09-28 04:47:28.359+00,,,2026-09-28 05:37:32.459+00,,,2026-09-22 19:44:26.509987+00,,,false,Attendee,,pitambar@mech.nits.ac.in,"[1,2,3]",,,,true,false
8c74b13e-e003-40e0-bc01-744dc87bb433,INDIS-OR-2026-6687,Avinash Shende,IIT Bombay,,,,,,,2026-09-26 05:31:44.395866+00,,,false,Special Guests,,savinash@iitb.ac.in,"[1,2,3]",,,,true,false
8d019904-8f68-4185-9a31-858891ed8a25,INDIS2026-8118,Pratistha Singh,Banasthali Vidhyapith,2026-09-28 03:36:08.638+00,,,2026-09-28 05:36:08.821+00,,,2026-09-22 19:44:26.509987+00,,,false,Author,6377686659,pratisthasinghlakhnot@gmail.com,"[1,2,3]",,,,true,true
8ee39235-d358-4e8a-bcad-ff5f829882af,INDIS2026-6383,Swara Amit Deshmukh,"MIT Institute of Design, MIT ADT University, Pune",2026-09-28 04:18:35.468+00,,,2026-09-28 05:36:18.214+00,,,2026-09-22 19:44:26.509987+00,,,false,Author,9552561510,swaradeshmukhpa@gmail.com,"[1,2,3]",,,,true,true
8f94dab7-0920-4db0-b24a-10176a1a00ca,INDIS2026-1167,Mouly Bhowmick,IIT Guwahati,2026-09-28 04:41:38.014+00,,,2026-09-28 05:23:39.558+00,,,2026-09-22 19:44:26.509987+00,,,false,Author,8900548220,m.bhowmick@iitg.ac.in,"[1,2,3]",,,,true,false
9000833f-be68-4167-9305-24d4c9a05c83,INDIS-OR-2026-2569,Dhruba Jyoti Borah,IIT Guwahati,2026-09-28 04:42:27.532+00,,,2026-09-28 05:22:47.841+00,,,2026-09-23 12:21:31.202754+00,,,false,Organizer,,dhrubajyotibarah@iitg.ac.in,"[1,2,3]",,,,true,false
904f0605-ddea-4226-922b-ead6e5db8c16,INDIS-OR-2026-1824,Abhishek Mukherjee,"Corporate Plan & Sectt., HQ",2026-09-28 04:43:17.901+00,,,,,,2026-09-26 13:05:11.480763+00,,,false,Attendee,9471562726,abhishek.mukherjee@dvc.gov.in,"[1,2,3]",,,,true,false
90b22636-e451-4887-9fbf-63991802188f,INDIS2026-4105,Salman Md Khan,Pandit Deendayal Energy University,2026-09-28 04:45:18.697+00,,,,,,2026-09-22 19:44:26.509987+00,,,false,Author,9557511008,salmanmkhan225@gmail.com,"[1,2,3]",,,,true,false
91564208-668e-497d-8484-ef47ebf9d399,INDIS-OR-2026-4012,Kaushik Konar,"STC, MTPS",,,,,,,2026-09-26 13:05:11.480763+00,,,false,Attendee,9163795111,kaushik.konar@dvc.gov.in,"[1,2,3]",,,,true,false
92956c9c-6c9f-465b-8d61-b297bdce62db,INDIS2026-6422,Arun Biswanath,Anant National University,,,,,,,2026-09-22 19:44:26.509987+00,,,false,Author,6355325700,arun.biswanath@anu.edu.in,"[1,2,3]",,,,true,false
929b1381-8369-4cf7-89fb-abe974714815,INDIS-OR-2026-6131,Rajjul Hussain,IIT Guwahati,2026-09-28 04:39:05.417+00,,,2026-09-28 05:24:12.29+00,,,2026-09-22 19:44:26.509987+00,,,false,Organizer,7002413494,rajjulhussain@rnd.iitg.ac.in,"[1,2,3]",,,,true,false
92e8ea3c-006d-457a-8a0b-2c64930402a1,INDIS2026-3185,Khyaati Agrawal,JECRC University,2026-09-28 04:12:19.409+00,,,2026-09-28 05:35:59.056+00,,,2026-09-22 19:44:26.509987+00,,,false,Author,8233080765,khyaatiagrawal@gmail.com,"[1,2,3]",,,,true,true
96b9c1f6-42d0-448e-a2a3-fa185fd72e91,INDIS-LR-2026-7132,Prabhu Pal,Indian Institute of Technology Jodhpur,2026-09-28 05:57:55.119+00,,,,,,2026-09-22 19:44:26.509987+00,,,false,Attendee,7355191195,p25ld0005@iitj.ac.in,"[1,2,3]",,,,true,false
97f6d1c0-d3e7-4c24-bb4d-094538c879a6,INDIS-VL-2026-1376,Sandipan Datta,IIT Guwahati,2026-09-28 04:26:40.844+00,,,2026-09-28 05:25:04.164+00,,,2026-09-22 19:44:26.509987+00,,,false,Volunteer,7630022290,d.sandipan@iitg.ac.in,"[1,2,3]",,,,true,false
981df9c0-fd9c-4d4c-996c-a016eba014f8,INDIS2026-3866,Sudipti Das,Mit Institute Of Design,2026-09-28 05:47:33.551+00,,,,,,2026-09-22 19:44:26.509987+00,,,false,Author,9925607994,sudiptidas2002@gmail.com,"[1,2,3]",,,,true,false
98b583eb-7b09-41c2-b732-1f709ba21238,INDIS2026-4177,Nishant Prabhudesai,"Karnavati University, Unitedworld Institute of design",2026-09-28 03:39:09.099+00,,,2026-09-28 05:33:38.732+00,,,2026-09-22 19:44:26.509987+00,,,false,Author,9619670155,nishant.prabhudesai1010@gmail.com,"[1,2,3]",,,,true,false
99f02213-ef8c-4e80-bbbc-b44ff50d5f25,INDIS2026-2066,Shruti Muktha,Accenture,,,,,,,2026-09-22 19:44:26.509987+00,,,false,Author,9986736570,muktha2612@gmail.com,"[1,2,3]",,,,true,false
99fd15e6-fd0a-48f8-9fc1-cf812f8679f2,INDIS2026-1719,Lavanya M,O.P. Jindal Global University,2026-09-28 04:12:56.502+00,,,,,,2026-09-22 19:44:26.509987+00,,,false,Author,9962220066,lavanyamakesh@gmail.com,"[1,2,3]",,,,true,true
99febc9c-7d4b-4ebc-bfbb-7f5edd98b6b7,INDIS-VL-2026-4830,Ashi S,IIT Guwahati,2026-09-28 03:55:12.584+00,,,2026-09-28 05:33:31.324+00,,,2026-09-22 19:44:26.509987+00,,,false,Volunteer,9074957372,ashi.s@iitg.ac.in,"[1,2,3]",,,,true,false
9a8a7a94-f74d-43c8-9b45-1e8d1b847df4,INDIS-SP-2026-1980,Prof. Philip Cash,"Northumbria University, Newcastle",2026-09-28 03:45:10.403+00,,,2026-09-28 05:26:48.541+00,,,2026-09-22 19:44:26.509987+00,,,false,Keynote Speaker,,,"[1,2,3]",,,,true,false
9a9d8ec3-cae6-43d5-863c-f255bd2fd1a7,INDIS-OR-2026-9030,Urmi Ravindra Salve,IIT Guwahati,2026-09-28 03:55:08.361+00,,,,,,2026-09-22 19:44:26.509987+00,,,false,Organizer,8723828575,urmi.salve@iitg.ac.in,"[1,2,3]",,,,true,false
9b3ade1f-9c02-4856-b013-15dd7be84d42,INDIS2026-7358,Anushka Bandyopadhyay,National Institute of Design Assam,2026-09-28 04:52:46.803+00,,,2026-09-28 05:37:02.518+00,,,2026-09-22 19:44:26.509987+00,,,false,Author,84089 81721,anushkabandopadhyay@gmail.com,"[1,2,3]",,,,true,true
9b863362-417b-4b34-b997-f1860c04de0e,INDIS2026-7775,Tirtharaj Sapkota,Assam Don Bosco University,,,,,,,2026-09-22 19:44:26.509987+00,,,false,Author,7638061931,tirtharaj.sapkota@dbuniversity.ac.in,"[1,2,3]",,,,true,false
9bbee0cb-0033-44d4-a063-436debdc4a4d,INDIS-OR-2026-6389,Taranga Chakravarty,IIT Guwahati,,,,,,,2026-09-22 19:44:26.509987+00,,,false,Organizer,8399978566,dicoff@iitg.ac.in,"[1,2,3]",,,,true,false
9ce8e4c0-ac7a-4c0d-99cb-95b1285e664a,INDIS-OR-2026-0409,Vikram Singh,"Corp. Commn. (CPRO), Sectt., HQ",2026-09-28 04:44:46.241+00,,,,,,2026-09-26 13:05:11.480763+00,,,false,Attendee,8084843200,vikram.singh@dvc.gov.in,"[1,2,3]",,,,true,false
9dd36f40-ceaf-4522-bcfc-2312707f2d27,INDIS2026-4624,Nithiya Sri R,FOOTWEAR DESIGN AND DEVELOPMENT INSTITUTE,,,,,,,2026-09-22 19:44:26.509987+00,,,false,Author,85952 34300,nithiya71me@gmail.com,"[1,2,3]",,,,true,true
9df2e078-57e5-484a-bb5a-8f9bf02b292f,INDIS-OR-2026-0607,Abinash Gogoi,IITG,,,,,,,2026-09-28 06:14:12.317199+00,,,false,Organizer,,,"[1,2,3]",,,,false,false
9e16aff3-c9bf-4fe9-a687-0a70b9069eae,INDIS-LR-2026-5966,Kritika Talukdar,Tezpur University,2026-09-28 03:49:50.531+00,,,2026-09-28 05:33:35.211+00,,,2026-09-22 19:44:26.509987+00,,,false,Attendee,8724981144,dbd24009@tezu.ac.in,"[1,2,3]",,,,true,false
a00407a0-a0bc-4810-bf31-a96c2df1c2f9,INDIS2026-6677,Gul Mehta,Netaji Subhas University of Technology,2026-09-28 04:36:35.597+00,,,2026-09-28 05:38:20.055+00,,,2026-09-22 19:44:26.509987+00,,,false,Author,9896345933,gulmehta10@gmail.com,"[1,2,3]",,,,true,false
a052fb57-fdf5-4ba4-85ff-47b2ad3ec7f3,INDIS2026-3932,Anvi Singh,Manipal institute of Technology,2026-09-28 03:47:08.843+00,,,2026-09-28 05:36:10.561+00,,,2026-09-22 19:44:26.509987+00,,,false,Author,9873929562,iamanvi31@gmail.com,"[1,2,3]",,,,true,true
a05f6bdb-7bb3-4399-a9d6-e76cc061acef,INDIS2026-3168,Tanisha Tated,NDMVP Sharadchandra Pawarji College of Architecture Nashik,,,,,,,2026-09-22 19:44:26.509987+00,,,false,Author,9604186623,tatedtanisha@gmail.com,"[1,2,3]",,,,true,false
a19f7287-4b05-4cba-b414-628c199bf633,INDIS-VL-2026-1999,Akshay Thakur,IIT Guwahati,,,,,,,2026-09-22 19:44:26.509987+00,,,false,Volunteer,8935994855,akshaythakur@iitg.ac.in,"[1,2,3]",,,,true,false
a273df8c-75f7-414f-b900-249ab11f7af7,INDIS2026-2594,Vishnudharshini S M,Footwear design and development institute (Chennai),2026-09-28 04:26:35.861+00,,,2026-09-28 05:35:33.141+00,,,2026-09-22 19:44:26.509987+00,,,false,Author,9442489124,vishnursk2005@gmail.com,"[1,2,3]",,,,true,true
a571a3f6-400d-4d4a-8cb4-1586b62a162d,INDIS2026-9337,Shrey Sharma,DIT University,2026-09-28 04:42:29.462+00,,,,,,2026-09-22 19:44:26.509987+00,,,false,Author,9817481945,shreysharma172000@gmail.com,"[1,2,3]",,,,true,true
a58b84e5-8063-4279-b8c1-576be03313e5,INDIS2026-6412,Chaitanya Solanki,Mahindra University,2026-09-28 03:44:00.807+00,,,2026-09-28 05:35:35.646+00,,,2026-09-22 19:44:26.509987+00,,,false,Author,7869333261,chaitanyasolanki13@gmail.com,"[1,2,3]",,,,true,false
a5f1b9b2-013d-4e81-857b-87b28beae451,INDIS-LR-2026-5537,Subir Dey,IIT Delhi,,,,,,,2026-09-22 19:44:26.509987+00,,,false,Session Chair,,subir@iitd.ac.in,"[1,2,3]",,,,true,false
a644243b-5ba1-4108-87c9-50687d03672f,INDIS-VL-2026-9003,Nitish Kumar Singh,IIT Guwahati,2026-09-28 03:44:48.947+00,,,2026-09-28 05:31:22.927+00,,,2026-09-22 19:44:26.509987+00,,,false,Volunteer,7980080371,nitish.ks@iitg.ac.in,"[1,2,3]",,,,true,false
a6507626-44a7-4527-8640-945d1beddf11,INDIS-LR-2026-2778,Navya Yadav,"Netaji Subhas Institute of Technology, Delhi",,,,,,,2026-09-22 19:44:26.509987+00,,,false,Attendee,8269218496,navya130907@gmail.com,"[1,2,3]",,,,true,false
a7ace279-7ed3-473e-97dc-ee44efe2439e,INDIS2026-6326,Unnati Gupta,Jecrc University Jaipur,2026-09-28 04:16:35.045+00,,,2026-09-28 05:35:47.068+00,,,2026-09-22 19:44:26.509987+00,,,false,Author,9828513538,unnati.24bden0064@jecrcu.edu.in,"[1,2,3]",,,,true,true
a7b6ae55-6a30-47fb-8bdb-4c0f829e45fb,INDIS2026-1681,Coverage1,Coverage,,,,,,,2026-09-28 04:53:44.450433+00,,,true,TEST,,,"[1,2,3]",,,,false,false
aa72be9e-0e60-4f32-8e1d-962e2c7459ab,INDIS-VL-2026-4701,Kavei vie duo,IIT Guwahati,2026-09-28 05:47:48.297+00,,,,,,2026-09-22 19:44:26.509987+00,,,false,Volunteer,8377992838,Kavei@iitg.ac.in,"[1,2,3]",,,,true,false
abe42882-1d5c-43f6-b170-561b8e9c4b79,INDIS-OR-2026-6940,Bijoy Deka,IIT Guwahati,,,,,,,2026-09-23 12:21:31.202754+00,,,false,Organizer,,bijoydeka@iitg.ac.in,"[1,2,3]",,,,true,false
abf2a7a8-1dcc-4aa0-bdb0-12a804f55621,INDIS2026-6971,Tashu Dantani,CEPT University,,,,,,,2026-09-22 19:44:26.509987+00,,,false,Author,9510939722,tashu.id01@gmail.com,"[1,2,3]",,,,true,false
ac1e7d12-e0c7-41c4-9d75-444d8d408b5b,INDIS2026-8054,Saigaurav G,The Design village,2026-09-28 05:09:15.72+00,,,2026-09-28 05:35:21.434+00,,,2026-09-22 19:44:26.509987+00,,,false,Author,8148279048,saigauravdesign11@gmail.com,"[1,2,3]",,,,true,true
acce2386-1a7e-410a-b1ed-0c30914fff50,INDIS2026-1293,Nitin Vishwakarma,"Institute of Design, JK Lakshmipat University",2026-09-28 03:50:04.509+00,,,2026-09-28 05:35:11.872+00,,,2026-09-22 19:44:26.509987+00,,,false,Author,9024986946,nitvit.design@Gmail.com,"[1,2,3]",,,,true,false
ad00f37e-3cc4-41f5-bd70-596b4bfdcb51,INDIS-OR-2026-7819,Shri Diplu Ranjan Sarmah,,,,,,,,2026-09-22 19:44:26.509987+00,,,false,Special Guests,,,"[1,2,3]",,,,true,false
ad13ea86-9ac4-441e-9d91-3555a6a873fa,INDIS-OR-2026-4146,Omkar Mukerjee,MIT ID Shillong,,,,,,,2026-09-28 06:14:12.317199+00,,,false,Attendee,,,"[1,2,3]",,,,false,false
ad595a27-a4e1-44ac-a5c5-e1a0c39d8fc0,INDIS-VL-2026-0888,Dubesh Sai M,IIT Guwahati,2026-09-28 03:45:39.489+00,,,,,,2026-09-22 19:44:26.509987+00,,,false,Volunteer,8500704357,dubesh.sai@iitg.ac.in,"[1,2,3]",,,,true,false
adfacb91-5a2e-4313-a4f4-0e1e7cf8e365,INDIS2026-5249,Avani Chaturvedi,FLAME University,,,,,,,2026-09-22 19:44:26.509987+00,,,false,Author,7830104404,avani.chaturvedi@flame.edu.in,"[1,2,3]",,,,true,false
af64ecee-4007-404b-8086-7bd15c735265,INDIS2026-9778,Shreya Kashid,MIT ADTU alumni,2026-09-28 04:33:56.88+00,,,2026-09-28 05:31:34.25+00,,,2026-09-22 19:44:26.509987+00,,,false,Author,9591573496,kshreya2003@gmail.com,"[1,2,3]",,,,true,true
b0b6bd65-9733-416b-967e-af0785327bc7,INDIS2026-7394,Elza D'Cruz,B M S School of Architecture,2026-09-28 04:42:04.671+00,,,,,,2026-09-22 19:44:26.509987+00,,,false,Author,9742771122,edcruz258@gmail.com,"[1,2,3]",,,,true,false
b0f2f32c-b972-4c57-bf34-0a04c5561a69,INDIS-VL-2026-3982,Diya Sony,IIT Guwahati,2026-09-28 04:22:40.557+00,,,2026-09-28 05:28:35.286+00,,,2026-09-22 19:44:26.509987+00,,,false,Volunteer,9447724601,diya.sony@iitg.ac.in,"[1,2,3]",,,,true,false
b3007682-30d8-4833-9b45-a819fafffe90,INDIS-OR-2026-3620,Shri Souvik,Damodar valley Corporation,,,,2026-09-28 05:24:14.952+00,,,2026-09-28 04:55:00.695195+00,,,true,TEST,9242792917,,"[1,2,3]",,,,false,false
b44c4859-8b58-418b-a85c-d43c6428953a,INDIS-LR-2026-7365,Anny Deb Barma,MIT University of Meghalaya,2026-09-28 05:37:54.024+00,,,,,,2026-09-22 19:44:26.509987+00,,,false,Attendee,7085923005,anny.barma.mdes.2026@mitu.edu.in,"[1,2,3]",,,,true,false
b4b0cc7d-17b9-4d0e-9afb-6edc4646c3b4,INDIS2026-6098,Jasmine Kaur,Netaji Subhas University of Technology,2026-09-28 04:37:48.76+00,,,2026-09-28 05:38:17.246+00,,,2026-09-22 19:44:26.509987+00,,,false,Author,9873470976,jasmine.kaur.des23@nsut.ac.in,"[1,2,3]",,,,true,false
b4e1a082-0fd5-46e4-a73e-505f19fc21e3,INDIS-VL-2026-1428,Adhuaitu Krishna H K,IIT Guwahati,2026-09-28 04:52:09.219+00,,,,,,2026-09-22 19:44:26.509987+00,,,false,Volunteer,8137060510,k.adhuaitu@iitg.ac.in,"[1,2,3]",,,,true,false
b633fff9-651a-4558-a85b-bba6b25dd692,INDIS2026-6224,Rutuja Rakesh Belwalkar,MIT Institute of Design,2026-09-28 04:59:35.281+00,,,2026-09-28 05:35:38.33+00,,,2026-09-22 19:44:26.509987+00,,,false,Author,8454097196,rrb66987@gmail.com,"[1,2,3]",,,,true,false
b6b0b000-0eaf-471e-9c49-d23f2547270c,INDIS2026-3770,Prachi Umesh Somaiya,ISDI,2026-09-28 04:07:26.779+00,,,2026-09-28 05:27:57.695+00,,,2026-09-22 19:44:26.509987+00,,,false,Author,7738814516,prachi.somaiya.bdes2028@atlasskilltech.university,"[1,2,3]",,,,true,false
b735ca95-c863-49c1-bdd3-4332c4623b31,INDIS-OR-2026-4197,Bhuvan Mahato,IIT Guwahati,,,,,,,2026-09-28 04:49:32.560427+00,,,true,TEST,7632914019,bhuwanm@iitg.ac.in,"[1,2,3]",,,,false,false
b7855b92-fe40-46e7-b544-7fd4ec015410,INDIS-VL-2026-9281,Gautham S,IIT Guwahati,2026-09-28 03:49:26.086+00,,,2026-09-28 05:42:11.373+00,,,2026-09-22 19:44:26.509987+00,,,false,Volunteer,8547806042,gautham@iitg.ac.in,"[1,2,3]",,,,true,false
b8583757-2950-46b0-b72b-bdd55ecbc081,INDIS-OR-2026-7552,Leeladhar Gandir,,2026-09-28 04:30:24.982+00,,,2026-09-28 05:36:51.8+00,,,2026-09-23 12:21:31.202754+00,,,false,Session Chair,,,"[1,2,3]",,,,true,false
b8d2ec6a-da9e-404a-ab0c-c73d6310f5c0,INDIS-VL-2026-5458,Kulkarni Aseem Unmesh,MIT -ADT University,2026-09-28 03:37:20.049+00,,,,,,2026-09-22 19:44:26.509987+00,,,false,Volunteer,,,"[1,2,3]",,,,true,false
b8e2cbcf-00eb-4656-b735-3b3a594dfe13,INDIS-VL-2026-5229,Diksha Hajong,IIT Guwahati,,,,,,,2026-09-22 19:44:26.509987+00,,,false,Volunteer,7002134735,diksha.hajong@iitg.ac.in,"[1,2,3]",,,,true,false
ba2ce96e-44d0-46ed-b50b-6a8f3ee6d248,INDIS2026-7570,Raghav Sarna,Plaksha University,2026-09-28 04:01:59.712+00,,,2026-09-28 05:36:45.781+00,,,2026-09-22 19:44:26.509987+00,,,false,Author,8968941919,raghavsarna123@gmail.com,"[1,2,3]",,,,true,false
baff92f2-0d1f-4630-adc4-c2cccde443fe,INDIS2026-6550,Aymun Kaleem,IILM University Gurugram,,,,,,,2026-09-22 19:44:26.509987+00,,,false,Author,9773761926,aym.nqv@gmail.com,"[1,2,3]",,,,true,false
bb2c9860-62cf-44c4-b5b7-eaa9de68c295,INDIS2026-9255,Sneha Changedia,"MIT Institute of Design, MIT ADT University, Pune",2026-09-28 03:39:59.187+00,,,2026-09-28 05:35:30.19+00,,,2026-09-22 19:44:26.509987+00,,,false,Author,7498951128,snehachangedia2710@gmail.com,"[1,2,3]",,,,true,false
bcb15bfd-1614-4949-9445-6d8c7b6a7e13,INDIS-SP-2026-0318,Prof. Prakash Moorthy,Satyajit Ray Film & Television Institute (SRFTI),2026-09-28 05:33:48.326+00,,,,,,2026-09-22 19:44:26.509987+00,,,false,Keynote Speaker,,,"[1,2,3]",,,,true,false
bd26f1fd-9a8b-42f7-bc41-83c57f906f3c,INDIS2026-1165,Supradip Das,IIT Guwahati,2026-09-28 04:42:02.568+00,,,2026-09-28 05:35:09.282+00,,,2026-09-22 19:44:26.509987+00,,,false,Theme Chair,6000475009,supradip.das@iitg.ac.in,"[1,2,3]",,,,true,false
bf0ad243-4d93-4d01-a39a-00faf40b5007,INDIS-VL-2026-6673,Anandu Krishnan,IIT Guwahati,2026-09-28 03:52:00.355+00,,,2026-09-28 05:29:21.129+00,,,2026-09-22 19:44:26.509987+00,,,false,Volunteer,9447774805,anandukrishn@iitg.ac.in,"[1,2,3]",,,,true,false
bf42d674-5e5e-4060-93fb-c3ee823ce60a,INDIS-VL-2026-0368,Archana Yadav,IIT Guwahati,,,,,,,2026-09-22 19:44:26.509987+00,,,false,Volunteer,7404425951,archana18107@gmail.com,"[1,2,3]",,,,true,false
c17369ca-8f4a-417a-ad25-2da0187b0d83,INDIS-SP-2026-8005,Prof. Vijay Kumar,Illinois Tech,2026-09-28 03:45:54.703+00,,,,,,2026-09-22 19:44:26.509987+00,,,false,Keynote Speaker,,,"[1,2,3]",,,,true,false
c1b2b518-4ae3-4a04-bcb0-830175d73300,INDIS-OR-2026-1929,Abhishek Shrivastava,IIT Kanpur,2026-09-28 04:20:13.153+00,,,2026-09-28 05:35:06.022+00,,,2026-09-22 19:44:26.509987+00,,,false,Session Chair,6901254023,,"[1,2,3]",,,,true,false
c1fcd1fa-425a-4c6a-9479-1a729c5b0791,INDIS-VL-2026-9157,Jeevan Jolly,IIT Guwahati,2026-09-28 03:35:48.775+00,,,,,,2026-09-22 19:44:26.509987+00,,,false,Volunteer,8590243434,jeevanj@iitg.ac.in,"[1,2,3]",,,,true,false
c26aa795-216a-483a-a2f8-d78dd138530c,INDIS-OR-2026-2938,Runjun Borah,IIT Guwahati,2026-09-28 05:16:36.064+00,,,2026-09-28 05:29:42.376+00,,,2026-09-22 19:44:26.509987+00,,,false,Organizer,8474887063,runjunborah @iitg.ac.in,"[1,2,3]",,,,true,false
c3860fad-3fb9-4fa9-917f-bfe3a0a9f896,INDIS2026-4051,purandar swargiary,IIT Delhi,2026-09-28 05:02:41.787+00,,,,,,2026-09-22 19:44:26.509987+00,,,false,Author,8136029560,purandarswargiary743@gmail.com,"[1,2,3]",,,,true,false
c3a5247f-bdad-436e-bee2-474518be2d9a,INDIS2026-9747,Manish Arora,Banaras Hindu University,2026-09-28 04:32:34.253+00,,,2026-09-28 05:34:48.145+00,,,2026-09-22 19:44:26.509987+00,,,false,Author,9307627818,amanish@bhu.ac.in,"[1,2,3]",,,,true,false
c55bff14-a7a2-46c4-8a44-0082e11c8d1c,INDIS2026-8332,Bhavya Narayan,"National Institute of Design, Madhya Pradesh",,,,,,,2026-09-22 19:44:26.509987+00,,,false,Author,8130748273,bhavyan@nidmp.ac.in,"[1,2,3]",,,,true,false
c5d57cf9-2500-4aa9-ab43-851356ab505d,INDIS-VL-2026-9466,Navneet Singh,IIT Guwahati,2026-09-28 05:47:40.523+00,,,,,,2026-09-22 19:44:26.509987+00,,,false,Volunteer,7007631959,navneet.s@iitg.ac.in,"[1,2,3]",,,,true,false
c6503a0b-88e3-4754-9c0d-a078f5f087d2,INDIS-LR-2026-3922,Suvodeep Misra,MIT Institute of Design,2026-09-28 04:26:39.017+00,,,2026-09-28 05:34:42.612+00,,,2026-09-22 19:44:26.509987+00,,,false,Attendee,9686458066,suvodeep.misra@mituniversity.edu.in,"[1,2,3]",,,,true,false
c71ac57c-3b68-4a46-992f-937c74f13493,INDIS-OR-2026-8926,Prof. Devendra Jalihal,IIT Guwahati,,,,,,,2026-09-22 19:44:26.509987+00,,,false,Distinguished Guest,,,"[1,2,3]",,,,true,false
c8064cb5-feb1-4c1e-b0fa-76abf525c396,INDIS-LR-2026-9867,SHRIVALI UDYAWAR,Anant National University,2026-09-28 04:38:13.499+00,,,2026-09-28 05:38:10.974+00,,,2026-09-22 19:44:26.509987+00,,,false,Attendee,8369555803,shrivali.udyawar.sod24@anu.edu.in,"[1,2,3]",,,,true,false
c8dcb511-33d2-43c9-9639-80d159e6fc17,INDIS2026-2514,Sumit Raj,Indian Institute of Technology Kanpur,2026-09-28 04:06:44.501+00,,,2026-09-28 05:28:11.376+00,,,2026-09-22 19:44:26.509987+00,,,false,Author,7903885907,sumit.raj.design@gmail.com,"[1,2,3]",,,,true,false
c914a90c-7212-4384-8df4-4cf21e6b72a7,INDIS-VL-2026-5822,Kundavainaachiyar M,IIT Guwahati,2026-09-28 03:48:47.319+00,,,,,,2026-09-22 19:44:26.509987+00,,,false,Volunteer,9600650601,kundavainaachiyar@iitg.ac.in,"[1,2,3]",,,,true,false
c9228ab9-d8e4-4fc2-b63f-a9d947662e42,INDIS2026-3647,Ajas A K,Indian Institute of Technology Kharagpur,2026-09-28 05:05:18.397+00,,,,,,2026-09-22 19:44:26.509987+00,,,false,Author,9007704605,ajas.anthrolil@gmail.com,"[1,2,3]",,,,true,false
ca657ba7-3490-43c9-af17-efe835ca86f3,INDIS-LR-2026-7379,Denise Desiree Rapsang,MIT University of Meghalaya,2026-09-28 04:34:23.26+00,,,2026-09-28 05:30:17.684+00,,,2026-09-22 19:44:26.509987+00,,,false,Attendee,7005725710,denise.rapsang@mitu.edu.in,"[1,2,3]",,,,true,false
caf2297e-293e-4a5c-8029-54bb55f546ba,INDIS2026-1595,Sayantika Das,Indian Institute of Technology Guwahati,2026-09-28 03:52:28.852+00,,,,,,2026-09-22 19:44:26.509987+00,,,false,Author,7003547438,sayantika93@iitg.ac.in,"[1,2,3]",,,,true,false
cd76f3bb-7fa8-4e48-a8af-4c1a5c0dcd7b,INDIS-OR-2026-7759,Prof. Pramod Riswadkar,MIT University Meghalaya,2026-09-28 04:29:36.277+00,,,2026-09-28 05:32:23.497+00,,,2026-09-22 19:44:26.509987+00,,,false,Special Guests,,,"[1,2,3]",,,,true,false
cda9bb2f-a2a8-4221-8a62-e566edc48936,INDIS2026-3825,Gunjan Sharma,Anant National University,2026-09-28 04:36:58.279+00,,,2026-09-28 05:37:58.158+00,,,2026-09-22 19:44:26.509987+00,,,false,Author,6350496232,gunjan.sharma.sod24@anu.edu.in,"[1,2,3]",,,,true,false
ce0a7a68-5b6f-4c44-aa64-d3dcc0100a92,INDIS-VL-2026-3221,Sunny Raj,IIT Guwahati,2026-09-28 04:18:19.997+00,,,,,,2026-09-22 19:44:26.509987+00,,,false,Volunteer,7042344789,sunnyraj@iitg.ac.in,"[1,2,3]",,,,true,false
ce6b6237-4f4d-44d5-84a5-e8c6bdf0b2f9,INDIS-OR-2026-4751,Sugandh Malhotra,IIT Bombay,2026-09-28 04:12:13.828+00,,,2026-09-28 05:34:56.372+00,,,2026-09-24 07:37:28.021274+00,,,false,Special Guests,,sugandh@iitb.ac.in,"[1,2,3]",,,,true,false
cedfd320-20cf-4444-8537-ff220d4cc32f,INDIS-VL-2026-6467,Partha Protim Patir,IIT Guwahati,2026-09-28 05:41:54.08+00,,,,,,2026-09-22 19:44:26.509987+00,,,false,Volunteer,6001139515,parthapatir@iitg.ac.in,"[1,2,3]",,,,true,false
d0647700-a26f-4a90-b009-50e456255f4b,INDIS-VL-2026-8604,Samruddhi Ramesh Duratkar,MIT -ADT University,2026-09-28 03:33:37.759+00,,,2026-09-28 05:44:05.037+00,,,2026-09-22 19:44:26.509987+00,,,false,Volunteer,,,"[1,2,3]",,,,true,false
d1754dd8-c3f6-4938-a066-c4c298001d94,INDIS-LR-2026-4677,Robertson Lyngba,MIT UNIVERSITY OF MEGHALAYA,2026-09-28 05:36:08.415+00,,,,,,2026-09-22 19:44:26.509987+00,,,false,Attendee,9863067422,robertson.lyngba.bdes.24@mitu.edu.in,"[1,2,3]",,,,true,false
d1d408a7-dd63-4874-ab0e-e1cbeba0b930,INDIS-VL-2026-3633,"Chander Prakash, IPDF",IIT Guwahati,2026-09-28 04:25:10.659+00,,,,,,2026-09-22 19:44:26.509987+00,,,false,Volunteer,9041909081,chanderp@iitg.ac.in,"[1,2,3]",,,,true,false
d26b0357-e681-4157-81d9-6b490d02e4ec,INDIS-OR-2026-4067,Dandeswar Bisoyi,MIT - ADT University,2026-09-28 04:20:18.014+00,,,,,,2026-09-22 19:44:26.509987+00,,,false,Vice Chair,,dandeswar.bisoyi@mituniversity.edu.in,"[1,2,3]",,,,true,false
d2980f86-04e2-434b-9912-00bd0cd50662,INDIS-LR-2026-2080,Ragini K Hazarika,Tezpur University,2026-09-28 03:47:01.566+00,,,2026-09-28 05:37:40.148+00,,,2026-09-22 19:44:26.509987+00,,,false,Attendee,9315913750,ragini.hazarika3912@gmail.com,"[1,2,3]",,,,true,false
d309d90f-53a7-4631-8f8d-4e6cf330a179,INDIS-VL-2026-1086,Khushi H.,MIT -ADT University,2026-09-28 04:26:22.846+00,,,,,,2026-09-22 19:44:26.509987+00,,,false,Volunteer,,,"[1,2,3]",,,,true,false
d32e8cfa-127f-443d-b5e8-c548dceaf81a,INDIS-VL-2026-6250,Harshwardhan Somwanshey,IIT Guwahati,2026-09-28 03:45:45.826+00,,,,,,2026-09-22 19:44:26.509987+00,,,false,Volunteer,9910566229,harshwardhan.so@iitg.ac.in,"[1,2,3]",,,,true,false
d601e4ba-6f61-442b-9fb1-f97dd419a439,INDIS2026-1675,Thant Zin Htet,King Mongkut's University of Technology Thonburi,,,,,,,2026-09-22 19:44:26.509987+00,,,false,Author,66958090250,thant.zinh@mail.kmutt.ac.th,"[1,2,3]",,,,true,false
d62e4a02-5176-4a99-a88a-e16b061aa8f0,INDIS-VL-2026-7207,Smiti More,IIT Guwahati,2026-09-28 04:22:20.563+00,,,2026-09-28 05:24:49.153+00,,,2026-09-22 19:44:26.509987+00,,,false,Volunteer,8605812966,smiti.more@iitg.ac.in,"[1,2,3]",,,,true,false
d649a5f8-2473-4a22-baf9-236994844f37,INDIS2026-8681,Promit Prodhan,Indian Institute of Technology Roorkee,2026-09-28 04:22:12.877+00,,,2026-09-28 05:36:42.465+00,,,2026-09-22 19:44:26.509987+00,,,false,Author,9830252022,promit_p@design.iitr.ac.in,"[1,2,3]",,,,true,false
d69d5eab-cdd9-4fb5-bfba-c6b63a93fd96,INDIS-OR-2026-0133,Pankaj Upadhyay,IIT Guwahati,2026-09-28 04:11:45.414+00,,,2026-09-28 05:38:26.673+00,,,2026-09-22 19:44:26.509987+00,,,false,Theme Chair,8811094465,pankaj.upadhyay@iitg.ac.in,"[1,2,3]",,,,true,false
d6ccdd2d-1321-42a9-b8ec-565173bd4e48,INDIS-VL-2026-1330,Kavyashree Venkatesh,IIT Guwahati,2026-09-28 03:47:55.302+00,,,,,,2026-09-22 19:44:26.509987+00,,,false,Volunteer,9902580735,v.kavyashree@iitg.ac.in,"[1,2,3]",,,,true,false
d8411bf3-1ac4-4b17-895d-a16f29d8871a,INDIS-VL-2026-6695,Vansh Pradeep Singh Rathore,IIT Guwahati,,,,,,,2026-09-22 19:44:26.509987+00,,,false,Volunteer,76889 97595,vanshrathore@iitg.ac.in,"[1,2,3]",,,,true,false
d85832eb-80ee-4e2e-b987-a2472954747a,INDIS2026-9847,Covergare7,Coverage7,,,,,,,2026-09-28 04:55:00.920677+00,,,true,TEST,,,"[1,2,3]",,,,false,false
d89f0466-afa1-4e8e-af27-b39dccc918ae,INDIS2026-1168,Pooja Kalai,IIT Guwahati,2026-09-28 04:21:24.47+00,,,2026-09-28 05:43:28.09+00,,,2026-09-22 19:44:26.509987+00,,,false,Volunteer,7573830717,p.kalai@iitg.ac.in,"[1,2,3]",,,,true,false
d9f372f4-2c98-4654-b423-48c9bf572e81,INDIS2026-1172,Santosh Pakhare,IIT Guwahati,,,,,,,2026-09-22 19:44:26.509987+00,,,false,Author,9738162559,santosh.pakhare@gmail.com,"[1,2,3]",,,,true,false
db05f169-7cc6-4a31-bba6-e1361299970e,INDIS-OR-2026-6563,Abraham Cyril Issac,,,,,,,,2026-09-23 12:21:31.202754+00,,,false,Session Chair,,,"[1,2,3]",,,,true,false
dc25ab4f-2f43-448a-9d9e-40494a133c7e,INDIS-VL-2026-1234,Trisha Bordoloi,IIT Guwahati,2026-09-28 03:48:40.221+00,,,,,,2026-09-22 19:44:26.509987+00,,,false,Volunteer,8876492816,t.bordoloi@iitg.ac.in,"[1,2,3]",,,,true,false
de406fb6-507a-438c-bd5c-17ec3844a0bf,INDIS-VL-2026-4390,Tarun Eswar,IIT Guwahati,2026-09-28 03:49:13.986+00,,,2026-09-28 05:41:43.776+00,,,2026-09-22 19:44:26.509987+00,,,false,Volunteer,9080136975,tarun.r@iitg.ac.in,"[1,2,3]",,,,true,false
df77a4fc-288b-4e96-9680-661482470cd9,INDIS2026-8026,Prachi Patel,Atlas skilltech isdi,2026-09-28 04:07:05.691+00,,,2026-09-28 05:28:04.757+00,,,2026-09-22 19:44:26.509987+00,,,false,Author,9819696459,prachi.patel.bdes2028@atlasskilltech.university,"[1,2,3]",,,,true,false
df8b85b8-6228-4c7e-8fa2-b4f10d9bdcb4,INDIS-VL-2026-9454,Kanu Das,IIT Guwahati,2026-09-28 04:11:39.951+00,,,2026-09-28 05:38:01.569+00,,,2026-09-22 19:44:26.509987+00,,,false,Volunteer,6001618540,kanudas@iitg.ac.in,"[1,2,3]",,,,true,false
df95f68b-bdba-4df7-98a2-c1bbeb127814,INDIS2026-4849,Tanya Chawla,MIT Institute of Design,2026-09-28 04:59:59.205+00,,,2026-09-28 05:35:42.489+00,,,2026-09-22 19:44:26.509987+00,,,false,Author,8849720422,connect.tanyachawla@gmail.com,"[1,2,3]",,,,true,false
e05dea79-94d7-414b-af7d-bc8c1273ba94,INDIS2026-5958,MONALI SINGH,Banaras hindu university,,,,,,,2026-09-22 19:44:26.509987+00,,,false,Author,6389370350,monalisingh10@bhu.ac.in,"[1,2,3]",,,,true,false
e0bb6f6c-6afb-4602-96fa-51fa1448ac45,INDIS-OR-2026-9973,Bhupati Kr. Das,,2026-09-28 06:25:23.172+00,,,,,,2026-09-22 19:44:26.509987+00,,,false,Special Guests,,,"[1,2,3]",,,,true,false
e30bdce9-ea80-462e-83b6-2538fa9fd3b5,INDIS-OR-2026-4404,Debashis Majumder,UPES School of Design,2026-09-28 04:21:23.395+00,,,,,,2026-09-22 19:44:26.509987+00,,,false,Session Chair,,drmajumder@ddn.upes.ac.in,"[1,2,3]",,,,true,false
e3da7a02-e5aa-4581-a5bf-4307023ba598,INDIS2026-8233,Covergare4,Coverage4,,,,,,,2026-09-28 04:54:18.803248+00,,,true,TEST,,,"[1,2,3]",,,,false,false
e41ba07d-c649-4ed6-b87f-aa8831a09dd3,INDIS2026-2584,Nithin Manoj,BITS Pilani K K Birla Goa Campus,2026-09-28 03:51:36.063+00,,,,,,2026-09-22 19:44:26.509987+00,,,false,Author,8590074805,p20250074@goa.bits-pilani.ac.in,"[1,2,3]",,,,true,false
e42f6366-ca37-4669-9c1f-23a63f988495,INDIS-OR-2026-0167,Satyaki Roy,IIT Kanpur,,,,,,,2026-09-24 07:37:28.021274+00,,,false,Special Guests,,satyaki@iitk.ac.i,"[1,2,3]",,,,true,false
e4839779-3c1d-4421-9122-089b241745a4,INDIS-VL-2026-8451,Shivam,IIT Guwahati,2026-09-28 04:02:54.369+00,,,2026-09-28 05:33:33.156+00,,,2026-09-22 19:44:26.509987+00,,,false,Volunteer,9667412194,Shivam1@iitg.ac.in,"[1,2,3]",,,,true,false
e609eb66-fef8-4e6d-a901-9e535a58f72e,INDIS-VL-2026-8729,Aman Verma,IIT Guwahati,2026-09-28 03:54:55.153+00,,,2026-09-28 05:28:36.204+00,,,2026-09-22 19:44:26.509987+00,,,false,Volunteer,7889783622,aman.v@iitg.ac.in,"[1,2,3]",,,,true,false
e6256150-377a-4376-9b95-c6f4eeb799d2,INDIS2026-9654,Vaishnavi Shantikari,"Institute of Design, MIT - ADT university",2026-09-28 04:39:56.538+00,,,2026-09-28 05:25:22.962+00,,,2026-09-22 19:44:26.509987+00,,,false,Author,9189757617,vaishnavi.shantikari@mituniversity.edu.in,"[1,2,3]",,,,true,false
e688bb7f-2ed5-4683-b15e-dc29d769a061,INDIS-VL-2026-5624,Deepak Paul,IIT Guwahati,2026-09-28 04:25:20.277+00,,,2026-09-28 05:29:13.235+00,,,2026-09-22 19:44:26.509987+00,,,false,Volunteer,6282693119,deepak.paul@iitg.ac.in,"[1,2,3]",,,,true,false
e7a90bde-1a28-49b0-8a0d-3595956929a3,INDIS-LR-2026-7023,Saachi Amol Ghodake,Anant National University,2026-09-28 04:35:41.289+00,,,2026-09-28 05:38:01.806+00,,,2026-09-22 19:44:26.509987+00,,,false,Attendee,7058129500,saachi.ghodake.sod24@anu.edu.in,"[1,2,3]",,,,true,false
e831c6b6-30da-4f4d-9a9c-a04498665a95,INDIS-OR-2026-3128,Prof. Malhar Pangrikar,MIT University Meghalaya,2026-09-28 04:19:53.823+00,,,2026-09-28 05:37:24.108+00,,,2026-09-22 19:44:26.509987+00,,,false,Distinguished Guest,,,"[1,2,3]",,,,true,false
e99db37c-2eb1-49c4-8e7d-a4387d0fdf7a,INDIS-OR-2026-7175,Devi Vanmadi,IIT Guwahati,2026-09-28 03:48:10.941+00,,,,,,2026-09-23 12:21:31.202754+00,,,false,Volunteer,9207428205,v.devi@iitg.ac.in,"[1,2,3]",,,,true,false
eab50460-f453-4419-b6c8-26dd4e736476,INDIS-OR-2026-3657,Amit Kumar,"Business Development, HQ",2026-09-28 04:42:49.815+00,,,,,,2026-09-26 13:05:11.480763+00,,,false,Attendee,8102216321,amit.kumar5@dvc.gov.in,"[1,2,3]",,,,true,false
ec5ec778-7f8f-40e1-917a-8c5ead9c11c8,INDIS-VL-2026-7762,Gourav,IIT Guwahati,,,,,,,2026-09-22 19:44:26.509987+00,,,false,Volunteer,9671925911,gourav1@iitg.ac.in,"[1,2,3]",,,,true,false
ecad99e9-e507-403c-a4cb-d1a3a90d1d73,INDIS2026-5425,Ankur Kar,Footwear Design and Development Institute,2026-09-28 04:25:46.946+00,,,2026-09-28 05:35:13.584+00,,,2026-09-22 19:44:26.509987+00,,,false,Author,7063120185,designerankur2004@gmail.com,"[1,2,3]",,,,true,true
f2ef97d6-7c12-4aa2-ad9c-f6be21c7eec0,INDIS2026-1883,JULIAN SIMBUK S RAXAM,Indian Institute of Technology Hyderabad,,,,,,,2026-09-22 19:44:26.509987+00,,,false,Author,414976505,md22resch11001@iith.ac.in,"[1,2,3]",,,,true,false
f3411ba3-e637-471a-a439-1bf7e6fda747,INDIS-OR-2026-2397,Sougata Karmakar,IIT Guwahati,,,,,,,2026-09-22 19:44:26.509987+00,,,false,Organizer,8011403513,karmakar.sougata@iit.ac.in,"[1,2,3]",,,,true,false
f558cd9d-4e74-4c5c-a46f-2702945f07c7,INDIS2026-3072,Pratiksha Bankar,MIT - ADT University,2026-09-28 03:44:05.894+00,,,2026-09-28 05:37:20.897+00,,,2026-09-22 19:44:26.509987+00,,,false,Organizer,7507129714,pratiksha.bankar@mituniversity.edu.in,"[1,2,3]",,,,true,false
f7bacd98-b56f-46ad-8fcd-5a0d99000aac,INDIS-OR-2026-3316,Mahesh Chopade,MIT - ADT University,2026-09-28 04:20:33.811+00,,,2026-09-28 05:36:09.197+00,,,2026-09-22 19:44:26.509987+00,,,false,Special Guests,,registrar@mituniversity.edu.in,"[1,2,3]",,,,true,false
f867c28c-a7cf-4419-bbe7-ed8c27964ef5,INDIS-OR-2026-1788,Brijesh Deore,NIFT Shillong & Kolkata Campus,,,,,,,2026-09-22 19:44:26.509987+00,,,false,Distinguished Guest,,,"[1,2,3]",,,,true,false
fa0e7168-57d4-4a78-8f4d-4a344c9c8f15,INDIS2026-5563,Vaibhavi Bhalchandra Kunjir,"MIT Institute of Design, MIT-ADT University",2026-09-28 04:18:52.252+00,,,2026-09-28 05:36:13.001+00,,,2026-09-22 19:44:26.509987+00,,,false,Author,7972724949,vaibhavikunjir4@gmail.com,"[1,2,3]",,,,true,true
fabc16f1-031a-4682-911b-1a1c12cd15c1,INDIS-OR-2026-1026,"Shri Paban Kr. Borthakur, IAS ( Retd.)",RERA Assam,,,,,,,2026-09-22 19:44:26.509987+00,,,false,Distinguished Guest,,,"[1,2,3]",,,,true,false
fb268bc3-7c31-4467-9816-2fd802de5d65,INDIS2026-2774,Swarada Behere,Anant National University,2026-09-28 04:38:37.444+00,,,2026-09-28 05:38:06.829+00,,,2026-09-22 19:44:26.509987+00,,,false,Author,9136120317,swarada.behere.sod24@anu.edu.in,"[1,2,3]",,,,true,false
fca90804-b865-4e7b-9c31-300302d32434,INDIS-OR-2026-7476,Chiranjib Nazary,MIT - ADT University,2026-09-28 04:39:08.365+00,,,,,,2026-09-22 19:44:26.509987+00,,,false,Organizer,,chiranjibnarzary@mitid.edu.in,"[1,2,3]",,,,true,false
fd207322-2144-4ddf-acca-31793097bab8,INDIS-LR-2026-8409,Tejas Karad,MIT ADT University,,,,,,,2026-09-22 19:44:26.509987+00,,,false,Attendee,,tejas.karad@mituniversity.edu.in,"[1,2,3]",,,,true,false
fde557c1-c04c-4197-a87a-4349bf97b6c7,INDIS-LR-2026-3120,SHARAT JYOTI KULI,MIT University of Shillong,2026-09-28 04:40:42.556+00,,,2026-09-28 05:30:23.938+00,,,2026-09-22 19:44:26.509987+00,,,false,Attendee,8720968430,sharat.kuli@mitu.edu.in,"[1,2,3]",,,,true,false
ff99bd5f-b142-4e28-bf0a-5eb88d70112b,INDIS2026-9022,Diksha Sachan,Independent,,,,,,,2026-09-22 19:44:26.509987+00,,,false,Author,9769406790,dikshasachan.w@gmail.com,"[1,2,3]",,,,true,false