excel_row,problem,Sl.No,Name,Affiliation,Category,QRCodeText
4,DUPLICATE code (shared by 2 people),3,Abhijit Barua,IIT Guwahati,Organizer,INDIS-OR-2026-2749
6,DUPLICATE code (shared by 2 people),5,Abhishek Singh,IIT Guwahati,Organizer,INDIS-OR-2026-5914
7,BLANK QRCodeText,6,Abraham Cyril Issac,,Session Chair,
10,DUPLICATE code (shared by 2 people),9,Ajeet Kumar,IIT Guwahati,Organizer,INDIS-OR-2026-5567
30,DUPLICATE code (shared by 2 people),29,Anubhav Mishra,IIT Guwahati,Organizer,INDIS-OR-2026-3530
50,DUPLICATE code (shared by 2 people),49,Bijoy Deka,IIT Guwahati,Organizer,INDIS-OR-2026-3530
69,BLANK QRCodeText,68,Devi Vanmadi,IIT Guwahati,Volunteer,
71,DUPLICATE code (shared by 2 people),70,Dhruba Jyoti Borah,IIT Guwahati,Organizer,INDIS-OR-2026-4988
96,DUPLICATE code (shared by 2 people),95,Hitesh Sharma,IIT Guwahati,Organizer,INDIS-OR-2026-2749
100,DUPLICATE code (shared by 2 people),99,Jayanta Deka,IIT Guwahati,Organizer,INDIS-OR-2026-5914
118,BLANK QRCodeText,117,Leeladhar Gandir,,Session Chair,
122,DUPLICATE code (shared by 2 people),121,Manas Jyoti Nath,IIT Guwahati,Organizer,INDIS-OR-2026-5567
237,DUPLICATE code (shared by 2 people),236,Shajumon M.S,IIT Guwahati,Organizer,INDIS-OR-2026-4988
