serial_code,name,organization,designation,phone,email
INDIS2026-2253,Aadya Singh,MIT Institute of Design,Author,7856906805,aadyasingh1600@gmail.com
INDIS2026-7570,Abhijeet Shashwat,Plaksha University,Author,9006438884,abhijeet.shash@gmail.com
INDIS-OR-2026-1929,Abhishek Shrivastava,IIT Kanpur,Session Chair,6901254023,
INDIS-VL-2026-1428,Adhuaitu Krishna H K,IIT Guwahati,Volunteer,8137060510,k.adhuaitu@iitg.ac.in
INDIS2026-3647,Ajas A K,Indian Institute of Technology Kharagpur,Author,9007704605,ajas.anthrolil@gmail.com
INDIS-OR-2026-8524,Ajoy Barman,IIT Guwahati,Organizer,,ajaybarman@rnd.iitg.ac.in
INDIS-VL-2026-9619,Akanksha,IIT Guwahati,Volunteer,7807019880,akanksha.dd@iitg.ac.in
INDIS-VL-2026-8560,Akarshan Agrawal,IIT Guwahati,Volunteer,831 950 7742,Akarshan@rnd.iitg.ac.in
INDIS-VL-2026-1999,Akshay Thakur,IIT Guwahati,Volunteer,8935994855,akshaythakur@iitg.ac.in
INDIS-VL-2026-8729,Aman Verma,IIT Guwahati,Volunteer,7889783622,aman.v@iitg.ac.in
INDIS-OR-2026-0641,Amarendra kumar Das,IIT Guwahati,Organizer,9954027062,dasak@iit.ac.in
INDIS2026-4435,Amit Kumar Sinha,"MIT Institute of Design, MIT ADT University",Author,9925205099,amitkumar.sinha@mituniversity.edu.in
INDIS-OR-2026-5921,Amit Sinha,MIT - ADT University,Organizer,,amitsinha@mitid.edu.in
INDIS2026-7848,Amitabh Bordoloi,IIT Guwahati,Organizer,9864029104,amitabh@iitg.ac.in
INDIS2026-5962,Amulya Mallavarapu,Indian Institute of Technology Hyderabad,Author,7382744327,amulya.mallavarapu@gmail.com
INDIS-VL-2026-6673,Anandu Krishnan,IIT Guwahati,Volunteer,9447774805,anandukrishn@iitg.ac.in
INDIS-VL-2026-9893,Ananya Behera,IIT Guwahati,Volunteer,8280049812,ananyab@iitg.ac.in
INDIS2026-8801,Ananya Swargiary,Mahindra University,Author,7086746245,ananyaswargiary4@gmail.com
INDIS-LR-2026-6317,Anil Patel,M1xchange,Attendee,8511460133,anil.patel@m1xchange.com
INDIS-VL-2026-1249,Ankit Basak,IIT Guwahati,Volunteer,9728725228,ankit.basak@iitg.ac.in
INDIS2026-5425,Ankur Kar,Footwear Design and Development Institute,Author,7063120185,designerankur2004@gmail.com
INDIS2026-6347,Annanya Bhuyan,University of Delhi,Author,8876252009,abhuyan@cic.du.ac.in
INDIS-LR-2026-7365,Anny Deb Barma,MIT University of Meghalaya,Attendee,7085923005,anny.barma.mdes.2026@mitu.edu.in
INDIS2026-7390,Anshita Tiwari,Delhi Technological University,Author,7000348437,anshita_23bd20@dtu.ac.in
INDIS-LR-2026-5106,Anushka Baghel,Netaji Subhas University of Technology,Attendee,9149256510,anu.008.baghel@gmail.com
INDIS2026-7358,Anushka Bandyopadhyay,National Institute of Design Assam,Author,84089 81721,anushkabandopadhyay@gmail.com
INDIS2026-3932,Anvi Singh,Manipal institute of Technology,Author,9873929562,iamanvi31@gmail.com
INDIS-VL-2026-1559,Arbaniabud Mawthoh,IIT Guwahati,Volunteer,7085784027,m.arbaniabud@iitg.ac.in
INDIS-VL-2026-0368,Archana Yadav,IIT Guwahati,Volunteer,7404425951,archana18107@gmail.com
INDIS2026-3443,Arshiya Kapoor,MIT - ADT University,Organizer,9890377177,arshiyakapoor@mitid.edu.in
INDIS2026-6422,Arun Biswanath,Anant National University,Author,6355325700,arun.biswanath@anu.edu.in
INDIS-VL-2026-4830,Ashi S,IIT Guwahati,Volunteer,9074957372,ashi.s@iitg.ac.in
INDIS-VL-2026-2143,Ashwin Anil,IIT Guwahati,Volunteer,9567323616,
INDIS2026-3349,Atulya Venkatesh,"School of Design Innovation, Mahindra University",Author,9498000210,atulya.venkatesh@mahindrauniversity.edu.in
INDIS2026-5249,Avani Chaturvedi,FLAME University,Author,7830104404,avani.chaturvedi@flame.edu.in
INDIS2026-6471,Avyukt Yadav,IIT Guwahati,Author,9625701009,avyuktpy@gmail.com
INDIS2026-6550,Aymun Kaleem,IILM University Gurugram,Author,9773761926,aym.nqv@gmail.com
INDIS2026-7085,Ayush Chikhalkar,Maratha Vidya Prasarak Samaj's Sharadchandraji Pawar College of Architecture,Author,962337446,ayushchikhalkar11@gmail.com
INDIS-VL-2026-0516,Baishalee Sanowal,IIT Guwahati,Volunteer,7896770218,baishalee@iitg.ac.in
INDIS2026-6057,Bavrawee Phukan,Tezpur University,Author,8486462056,srini@tezu.ernet.in
INDIS2026-8332,Bhavya Narayan,"National Institute of Design, Madhya Pradesh",Author,8130748273,bhavyan@nidmp.ac.in
INDIS-VL-2026-2642,Bhavya Upadhyay,IIT Guwahati,Volunteer,9060735044,bhavya.upadhyay@iitg.ac.in
INDIS-OR-2026-9973,Bhupati Kr. Das,,Special Guests,,
INDIS-OR-2026-7394,Binoj John,"MIT ID Pune, MIT - ADT University",Session Chair,,binojjohn@mitid.edu.in
INDIS2026-1617,Brajendra Nandan Panda,frog,Author,9007093510,b.n.panda@gmail.com
INDIS-OR-2026-1788,Brijesh Deore,NIFT Shillong & Kolkata Campus,Distinguished Guest,,
INDIS-VL-2026-3713,Brishti Angkita Saikia,IIT Guwahati,Volunteer,8486076282,s.bristi@iitg.ac.in
INDIS2026-1170,Bristi Angkita Saikia,IIT Guwahati,Author,8486076282,s.bristi@iitg.ac.in
INDIS-OR-2026-6020,C. S. Susanth,NID Jorhat,Distinguished Guest,,
INDIS2026-6412,Chaitanya Solanki,Mahindra University,Author,7869333261,chaitanyasolanki13@gmail.com
INDIS-VL-2026-3633,"Chander Prakash, IPDF",IIT Guwahati,Volunteer,9041909081,chanderp@iitg.ac.in
INDIS-LR-2026-4559,Charmi Javeri,Anant National University,Attendee,9372563575,charmi.javeri.sod24@anu.edu.in
INDIS2026-7920,Chiranjib Narzary,MITADT university,Author,9650826576,chiranjib.narzary@mituniversity.edu.in
INDIS-OR-2026-7476,Chiranjib Nazary,MIT - ADT University,Organizer,,chiranjibnarzary@mitid.edu.in
INDIS2026-5174,Daksha Vishwas Dorugade,Unitedworld Institute of Design (UID) - Ahmedabad,Author,9833094918,daksha.design07@gmail.com
INDIS-OR-2026-4067,Dandeswar Bisoyi,MIT - ADT University,Vice Chair,,dandeswar.bisoyi@mituniversity.edu.in
INDIS-OR-2026-4404,Debashis Majumder,UPES School of Design,Session Chair,,drmajumder@ddn.upes.ac.in
INDIS-OR-2026-3148,Debayan Dhar,IIT Guwahati,Vice Chair,95452 30066,debayan@iitg.ac.in
INDIS-VL-2026-5624,Deepak Paul,IIT Guwahati,Volunteer,6282693119,deepak.paul@iitg.ac.in
INDIS-LR-2026-7379,Denise Desiree Rapsang,MIT University of Meghalaya,Attendee,7005725710,denise.rapsang@mitu.edu.in
INDIS-VL-2026-8001,Deshpande Shreya Shantanu,MIT -ADT University,Volunteer,,
INDIS-LR-2026-0453,Dhaval Joshi,SIMU Labs,Session Chair,,
INDIS-VL-2026-5229,Diksha Hajong,IIT Guwahati,Volunteer,7002134735,diksha.hajong@iitg.ac.in
INDIS2026-9022,Diksha Sachan,Independent,Author,9769406790,dikshasachan.w@gmail.com
INDIS-VL-2026-6210,Dipjyoti Saikia,IIT Guwahati,Volunteer,70867 48869,dipjyoti46@rnd.iitg.ac.in
INDIS-OR-2026-7711,Dipumoni Deka,IIT Guwahati,Organizer,9678738947,
INDIS-VL-2026-8904,Divyanshu Meena,IIT Guwahati,Volunteer,8302257110,divyanshu.meena@iitg.ac.in
INDIS-VL-2026-3982,Diya Sony,IIT Guwahati,Volunteer,9447724601,diya.sony@iitg.ac.in
INDIS-OR-2026-6324,Dnyandeo Neelwarna,MIT - ADT University,Organizer,,coe@mituniversity.edu.in
INDIS-VL-2026-1415,Dorothy Goswami,IIT Guwahati,Volunteer,9315970628,dorothy@iitg.ac.in
INDIS-VL-2026-0888,Dubesh Sai M,IIT Guwahati,Volunteer,8500704357,dubesh.sai@iitg.ac.in
INDIS-LR-2026-7094,Eleazear L Nongrang,MIT University Meghalaya,Attendee,9436383796,eleazear.nongrang.bdes.2025@mitu.edu.in
INDIS2026-7394,Elza D'Cruz,B M S School of Architecture,Author,9742771122,edcruz258@gmail.com
INDIS2026-4970,Eshaan Nair,"Indian Institute of Technology, Hyderabad",Author,8989008851,bd23bdes11007@iith.ac.in
INDIS-VL-2026-3145,Ganesh Shinde,IIT Guwahati,Volunteer,8605330306,ganesh.shinde@iitg.ac.in
INDIS-OR-2026-9941,Gaurav Vaidya,IIT Jodhpur,Session Chair,,gauravvaidya@iitj.ac.in
INDIS2026-9317,Gaurav Vinodrao Vaidya,Indian Institute of Technology Jodhpur,Author,8977219281,gauravvaidya@iitj.ac.in
INDIS-VL-2026-9281,Gautham S,IIT Guwahati,Volunteer,8547806042,gautham@iitg.ac.in
INDIS2026-9105,Geet Nagpal,THAPAR INSTITUTE OF ENGINEERING & TECHNOLOGY,Author,8130309242,geetnagpal03752@gmail.com
INDIS-VL-2026-7762,Gourav,IIT Guwahati,Volunteer,9671925911,gourav1@iitg.ac.in
INDIS2026-6677,Gul Mehta,Netaji Subhas University of Technology,Author,9896345933,gulmehta10@gmail.com
INDIS2026-3825,Gunjan Sharma,Anant National University,Author,6350496232,gunjan.sharma.sod24@anu.edu.in
INDIS-VL-2026-5673,Gyaneshwar Krishna,IIT Guwahati,Volunteer,9885608982,k.gyaneshwar@iitg.ac.in
INDIS2026-4581,Harimurali J,NID jorhat,Author,8848565895,harimurali4377@gmail.com
INDIS-VL-2026-6250,Harshwardhan Somwanshey,IIT Guwahati,Volunteer,9910566229,harshwardhan.so@iitg.ac.in
INDIS2026-2607,Himani Kanojia,Indian Institute Of Technology Delhi,Author,9717224705,himanikanojia10@gmail.com
INDIS-VL-2026-2863,Hritam Sarkar,IIT Guwahati,Volunteer,9330474473,h.sarkar@iitg.ac.in
INDIS2026-1166,Ipshita Das,IIT Guwahati,Author,70028 68595,d.ipshita@iitg.ac.in
INDIS2026-6098,Jasmine Kaur,Netaji Subhas University of Technology,Author,9873470976,jasmine.kaur.des23@nsut.ac.in
INDIS-VL-2026-9157,Jeevan Jolly,IIT Guwahati,Volunteer,8590243434,jeevanj@iitg.ac.in
INDIS2026-1883,JULIAN SIMBUK S RAXAM,Indian Institute of Technology Hyderabad,Author,414976505,md22resch11001@iith.ac.in
INDIS2026-3532,Kanishka Singh,NATIONAL INSTITUTE OF FASHION TECHNOLOGY,Author,7408099898,kanishka.kanishka3@nift.ac.in
INDIS-VL-2026-9454,Kanu Das,IIT Guwahati,Volunteer,6001618540,kanudas@iitg.ac.in
INDIS2026-2028,Karishma Batra,Footwear Design and Development Institute (Noida),Author,9643031890,karishmabatra@outlook.com
INDIS2026-1602,Kartikeya Rai,Indian Institute of Technology Kanpur,Author,9621591881,kartikeya23@iitk.ac.in
INDIS2026-4401,Kasturi Kailas Katale,NID Ahmedabad,Author,8310662177,kasturi.kk14@gmail.com
INDIS-VL-2026-4701,Kavei vie duo,IIT Guwahati,Volunteer,8377992838,Kavei@iitg.ac.in
INDIS-VL-2026-1330,Kavyashree Venkatesh,IIT Guwahati,Volunteer,9902580735,v.kavyashree@iitg.ac.in
INDIS2026-3092,Ketan Shimpi,MIT - ADT University,Organizer,9175413220,ketanshimpi@mitid.edu.in
INDIS-OR-2026-1835,Keyur Sorathia,IIT Guwahati,Organizer,8011693660,keyur@iit.ac.in
INDIS-VL-2026-1086,Khushi H.,MIT -ADT University,Volunteer,,
INDIS2026-3185,Khyaati Agrawal,JECRC University,Author,8233080765,khyaatiagrawal@gmail.com
INDIS-LR-2026-5966,Kritika Talukdar,Tezpur University,Attendee,8724981144,dbd24009@tezu.ac.in
INDIS-VL-2026-5458,Kulkarni Aseem Unmesh,MIT -ADT University,Volunteer,,
INDIS-VL-2026-5822,Kundavainaachiyar M,IIT Guwahati,Volunteer,9600650601,kundavainaachiyar@iitg.ac.in
INDIS2026-1719,Lavanya M,O.P. Jindal Global University,Author,9962220066,lavanyamakesh@gmail.com
INDIS-VL-2026-5046,Lingkojoy Oinam,IIT Guwahati,Volunteer,7736631340,lingkojoyoin@iitg.ac.in
INDIS2026-6584,Liuting Zhang,Zhejiang University of Technology,Author,15606531667,idzhangll@126.com
INDIS-OR-2026-3316,Mahesh Chopade,MIT - ADT University,Special Guests,,registrar@mituniversity.edu.in
INDIS-OR-2026-7566,Manash Jyoti Nath,IIT Guwahati,Organizer,,manash.n@iitg.ac.in
INDIS2026-9747,Manish Arora,Banaras Hindu University,Author,9307627818,amanish@bhu.ac.in
INDIS-OR-2026-6542,Manoj Majhi,IIT Guwahati,Organizer,9954022471,manojmaj@iit.ac.in
INDIS-VL-2026-6718,Manoj Sai Bhupathi,IIT Guwahati,Volunteer,9515966269,bhupathi@iitg.ac.in
INDIS2026-9354,Mantu Das,Vellore Institute of Technology,Author,9958912567,mantu.das@vit.ac.in
INDIS2026-2194,Mathew Kurien,"Srishti Manipal Institute of Art, Design and Technology",Author,9811267535,mathkuri@gmail.com
INDIS-VL-2026-1264,Mayuri Joshi,IIT Guwahati,Volunteer,8104778869,mayuri.joshi@iitg.ac.in
INDIS2026-4580,Medini Prabha,Footwear Design & Development Institute,Author,8709454941,mediniprabha2689@gmail.com
INDIS2026-7295,Meenakshi Mishra,Bennett University,Author,9819911590,meenakshi.mishra@bennett.edu.in
INDIS-VL-2026-3687,Megha Srivastava,IIT Guwahati,Volunteer,8707737009,megha.srivastav@iitg.ac.in
INDIS-VL-2026-5999,Meghana Kumthekar,IIT Guwahati,Volunteer,8888828870,meghana.kumthek@iitg.ac.in
INDIS-OR-2026-7310,"Milon Das,",,Special Guests,,
INDIS2026-3170,Mohammad Zahid Khan,"Indian Institute of Technology, Kanpur",Author,9319951541,zahidkm24@iitk.ac.in
INDIS2026-5958,MONALI SINGH,Banaras hindu university,Author,6389370350,monalisingh10@bhu.ac.in
INDIS2026-6420,Monisha Sobti,"Manipal School of Architecture & Planning, MAHE",Author,9871145434,monisha_73@yahoo.com
INDIS2026-1167,Mouly Bhowmick,IIT Guwahati,Author,8900548220,m.bhowmick@iitg.ac.in
INDIS-OR-2026-5528,Mriganka Madhukailya,IIT Guwahati,Organizer,9954040375,mriganka@iitg.ac.in
INDIS-OR-2026-4702,Mrinal Kumar Borthakur,IIT Guwahati,Organizer,7002892526,mrinalborthakur@rnd.iitg.ac.in
INDIS2026-4304,Mrittika Mitra,"National Institute of Fashion Technology, Mumbai",Author,7049890280,mrittika1805@gmail.com
INDIS2026-7217,Nabajit Deka,"ISDI, ATLAS SkillTech University",Author,8822533400,nabajitdeka.edu@gmail.com
INDIS-OR-2026-8839,Nachiket Thakur,MIT - ADT University,Organizer,,nachiket.thakur@mituniversity.edu.in
INDIS2026-5893,Naman Malik,Deloitte US-India,Author,9457039979,naman0066@gmail.com
INDIS2026-7892,Nanditha Sujith,MIT Institute of Design,Author,8983517852,emailnandithasujith@gmail.com
INDIS2026-2365,Natania Perinchery,"BITS Pilani, Hyderabad Campus",Author,9743562426,nsperinchery@gmail.com
INDIS2026-8093,Navjjot Singh,"Manipal School of Architecture and Planning, Manipal Academy of Higher Education, Manipal, India",Author,9500185933,ar.navjjotsingh@gmail.com
INDIS-VL-2026-9466,Navneet Singh,IIT Guwahati,Volunteer,7007631959,navneet.s@iitg.ac.in
INDIS-LR-2026-2778,Navya Yadav,"Netaji Subhas Institute of Technology, Delhi",Attendee,8269218496,navya130907@gmail.com
INDIS-OR-2026-9341,Nayan Das,IIT Guwahati,Organizer,8876207639,
INDIS2026-3347,Neil J John,MIT Institute of Design,Author,9048147551,neiljjohn07@gmail.com
INDIS2026-9021,Nikitha R,Independent,Author,7041385398,nikitharajashekaran@gmail.com
INDIS2026-7886,Nilakshi Yein,IIT Delhi,Session Chair,,nyein@design.iitd.ac.in
INDIS-VL-2026-1951,Nishad Niphade,IIT Guwahati,Volunteer,8766907114,nishad.niphade@iitg.ac.in
INDIS-SP-2026-0581,Nishant Gupta,BCG,Keynote Speaker,,
INDIS2026-4177,Nishant Prabhudesai,"Karnavati University, Unitedworld Institute of design",Author,9619670155,nishant.prabhudesai1010@gmail.com
INDIS2026-2584,Nithin Manoj,BITS Pilani K K Birla Goa Campus,Author,8590074805,p20250074@goa.bits-pilani.ac.in
INDIS2026-4624,Nithiya Sri R,FOOTWEAR DESIGN AND DEVELOPMENT INSTITUTE,Author,85952 34300,nithiya71me@gmail.com
INDIS2026-1293,Nitin Vishwakarma,"Institute of Design, JK Lakshmipat University",Author,9024986946,nitvit.design@Gmail.com
INDIS-VL-2026-9003,Nitish Kumar Singh,IIT Guwahati,Volunteer,7980080371,nitish.ks@iitg.ac.in
INDIS-OR-2026-2429,Pabitra Das,IIT Guwahati,Organizer,8876484798,
INDIS-OR-2026-0133,Pankaj Upadhyay,IIT Guwahati,Theme Chair,8811094465,pankaj.upadhyay@iitg.ac.in
INDIS-OR-2026-4602,Parlie Dutta,IIT Guwahati,Organizer,9101250473,parlie92@rnd.iitg.ac.in
INDIS-VL-2026-6467,Partha Protim Patir,IIT Guwahati,Volunteer,6001139515,parthapatir@iitg.ac.in
INDIS-LR-2026-0240,Pitambar Ranadive,NIT Silchar,Attendee,,pitambar@mech.nits.ac.in
INDIS2026-1168,Pooja Kalai,IIT Guwahati,Volunteer,7573830717,p.kalai@iitg.ac.in
INDIS-LR-2026-9444,Pooja Sharma,M1xchange,Attendee,9582615639,pooja@m1xchange.com
INDIS-LR-2026-7132,Prabhu Pal,Indian Institute of Technology Jodhpur,Attendee,7355191195,p25ld0005@iitj.ac.in
INDIS-OR-2026-7513,Prabin Kumar Bora,IIT Guwahati,Organizer,,prabin@iitg.ac.in
INDIS2026-8026,Prachi Patel,Atlas skilltech isdi,Author,9819696459,prachi.patel.bdes2028@atlasskilltech.university
INDIS2026-3770,Prachi Umesh Somaiya,ISDI,Author,7738814516,prachi.somaiya.bdes2028@atlasskilltech.university
INDIS2026-3577,PRAKRITI BHATTACHARYA,"MIT Institute of Design, Pune",Author,8017571983,mymail.prakriti@gmail.com
INDIS-OR-2026-8191,Pramod Riswadkar,MIT University Shillong,Session Chair,,pramodrishwadkar@mitid.edu.in
INDIS-LR-2026-7995,Pranali Bakar,Design Habitat,Attendee,90491 71462,pranalibankar17@gmail.com
INDIS-OR-2026-2851,Pranjal Protim Borah,IIT Jodhpur,Session Chair,8011050081,pranjalborah@iitj.ac.in
INDIS-LR-2026-3400,Pranjit Sarma,"Central Institute of Technology, Kokrajhar",Attendee,9101251317,ph23mcd1001@cit.ac.in
INDIS-VL-2026-5941,Prashant Kumar Singh,IIT Guwahati,Volunteer,9528097742,prashant.singh@iitg.ac.in
INDIS-VL-2026-6052,Pratham Bhawar,IIT Guwahati,Volunteer,9309720094,pratham.bhawar@iitg.ac.in
INDIS-VL-2026-4892,Prathmesh bhumkar,IIT Guwahati,Volunteer,9175097685,prathmesh@iitg.ac.in
INDIS2026-3072,Pratiksha Bankar,MIT - ADT University,Organizer,7507129714,pratiksha.bankar@mituniversity.edu.in
INDIS2026-8118,Pratistha Singh,Banasthali Vidhyapith,Author,6377686659,pratisthasinghlakhnot@gmail.com
INDIS-OR-2026-0762,Pratul Chandra Kalita,IIT Guwahati,Conference Chair,9864305145,pratulkalita@iitg.ac.in
INDIS2026-4925,Preksha Damodar Arjunwadkar,MIT ADT University,Author,9765651825,preksha.arjunwadkar@gmail.com
INDIS-OR-2026-9851,Priyabrata Rautray,IIT Jodhpur,Session Chair,9999718924,priyabratarautray@iitj.ac.in
INDIS-OR-2026-4381,Prof. Amarendra Kumar Das,Tezpur University,Distinguished Guest,,
INDIS-OR-2026-7611,Prof. Debmalaya Bhattacharya,MIT University Meghalaya,Special Guests,,
INDIS-OR-2026-8926,Prof. Devendra Jalihal,IIT Guwahati,Distinguished Guest,,
INDIS-OR-2026-9900,Prof. Hemant Kaushik,IIT Guwahati,Special Guests,,
INDIS-OR-2026-3128,Prof. Malhar Pangrikar,MIT University Meghalaya,Distinguished Guest,,
INDIS-OR-2026-7140,Prof. Nachiket Thakur,MIT - ADT University,Special Guests,,
INDIS-SP-2026-1980,Prof. Philip Cash,"Northumbria University, Newcastle",Keynote Speaker,,
INDIS-SP-2026-0318,Prof. Prakash Moorthy,Satyajit Ray Film & Television Institute (SRFTI),Keynote Speaker,,
INDIS-OR-2026-7759,Prof. Pramod Riswadkar,MIT University Meghalaya,Special Guests,,
INDIS-OR-2026-9396,Prof. Rajesh S,MIT - ADT University,Distinguished Guest,,
INDIS-OR-2026-0233,Prof. Sarat Kumar Patra,IIIT Guwahati / NIT Agartala,Distinguished Guest,,
INDIS-OR-2026-6487,Prof. Shantikam Hazarika,,Special Guests,,
INDIS-SP-2026-8005,Prof. Vijay Kumar,Illinois Tech,Keynote Speaker,,
INDIS2026-8681,Promit Prodhan,Indian Institute of Technology Roorkee,Author,9830252022,promit_p@design.iitr.ac.in
INDIS2026-4051,purandar swargiary,IIT Delhi,Author,8136029560,purandarswargiary743@gmail.com
INDIS-LR-2026-2080,Ragini K Hazarika,Tezpur University,Attendee,9315913750,ragini.hazarika3912@gmail.com
INDIS2026-9915,Rajashekhar V S,Indian Institute of Technology - Kanpur,Author,9600046390,raja23@iitk.ac.in
INDIS-OR-2026-8381,Rajesh S,MIT - ADT University,Organizer,,vicechancellor@mituniversity.edu.in
INDIS-OR-2026-6131,Rajjul Hussain,IIT Guwahati,Organizer,7002413494,rajjulhussain@rnd.iitg.ac.in
INDIS-OR-2026-9608,Ranoj Pegu,,Guest of Honour,,
INDIS-VL-2026-1230,Rausan Kumar,IIT Guwahati,Volunteer,9122165619,kraushan@rnd.iitg.ac.in
INDIS2026-8394,Rayna shrenik shah,Atlas Skill Tech University,Author,9326033854,rayna.shah.bdes2028@atlasskilltech.university
INDIS-VL-2026-3099,Riddhiman Biswas,IIT Guwahati,Volunteer,9432352979,b.riddhiman@iitg.ac.in
INDIS2026-9685,Rijuka Jadhav,"National Institute of Design, Assam",Author,6266325565,rijukajadhav08@gmail.com
INDIS-VL-2026-9109,Ritesh Deepak Deshmukh,IIT Guwahati,Volunteer,9588692519,ritesh.deshmukh@iitg.ac.in
INDIS-LR-2026-4677,Robertson Lyngba,MIT UNIVERSITY OF MEGHALAYA,Attendee,9863067422,robertson.lyngba.bdes.24@mitu.edu.in
INDIS2026-1169,Rohini Jaybhaye,IIT Guwahati,Author,9112326774,r.jaybhaye@iitg.ac.in
INDIS-VL-2026-3396,Rosaline Regon,IIT Guwahati,Volunteer,7002014275,r.rosaline@iitg.ac.in
INDIS-OR-2026-2938,Runjun Borah,IIT Guwahati,Organizer,8474887063,runjunborah @iitg.ac.in
INDIS2026-8816,Rupkatha Patra,MIT Institute of Design,Author,6294184399,rupkathapatra108@gmail.com
INDIS2026-6224,Rutuja Rakesh Belwalkar,MIT Institute of Design,Author,8454097196,rrb66987@gmail.com
INDIS2026-8997,S. Durga darshini,Indian Institute of Craft and Technology,Author,9361987061,durgadarshinis2024@iicd.ac.in
INDIS-LR-2026-7023,Saachi Amol Ghodake,Anant National University,Attendee,7058129500,saachi.ghodake.sod24@anu.edu.in
INDIS2026-3014,Saakshi Shirali,"Indian Institute of Technology, Hyderabad",Author,9223236961,saakshishirali.design@gmail.com
INDIS2026-2701,Sagar Kandal,Indian Institute of Science,Author,9738014458,sagar.ideate@gmail.com
INDIS2026-8054,Saigaurav G,The Design village,Author,8148279048,saigauravdesign11@gmail.com
INDIS2026-7106,Sakshi Bhatt,"NDIIT, New Delhi",Author,8851798152,sakshibhatt0518@gmail.com
INDIS-OR-2026-9660,Salil Kashyap,IIT Guwahati,Special Guests,,
INDIS2026-4105,Salman Md Khan,Pandit Deendayal Energy University,Author,9557511008,salmanmkhan225@gmail.com
INDIS2026-2327,Samir Kumar Dash,Accenture India Private Limited,Author,8971962520,mobilewish@gmail.com
INDIS-VL-2026-8604,Samruddhi Ramesh Duratkar,MIT -ADT University,Volunteer,,
INDIS2026-9878,Samruddhi Sancheti,Maratha Vidya Prasarak Samaj's Sharadchandraji Pawar College of Architecture,Author,9518955136,sanchetisamruddhi4@gmail.com
INDIS-VL-2026-1376,Sandipan Datta,IIT Guwahati,Volunteer,7630022290,d.sandipan@iitg.ac.in
INDIS-VL-2026-9886,Sanjana Hemant Harsole,MIT -ADT University,Volunteer,,
INDIS-VL-2026-9381,Santosh Bhiva Pakhre,IIT Guwahati,Volunteer,9738162559,santoshp@iitg.ac.in
INDIS2026-1171,Santosh Jagtap,IIT Guwahati,Organizer,7666941568,santosh.jagtap@iitg.ac.in
INDIS2026-1172,Santosh Pakhare,IIT Guwahati,Author,9738162559,santosh.pakhare@gmail.com
INDIS-VL-2026-3216,Sarvesh Jadhaav,IIT Guwahati,Volunteer,8087198797,sarvesh.j@iitg.ac.in
INDIS-VL-2026-1666,Sayan Sarkar,IIT Guwahati,Volunteer,7687844484,sayans5104@iitg.ac.in
INDIS2026-1595,Sayantika Das,Indian Institute of Technology Guwahati,Author,7003547438,sayantika93@iitg.ac.in
INDIS-VL-2026-1932,"Sayantika Das, IPDF",IIT Guwahati,Volunteer,8100419320,sayantika93@iitg.ac.in
INDIS-VL-2026-0289,Shaifali Sharma,IIT Guwahati,Volunteer,7830795302,shaif@iisi.iitg.ac.in
INDIS-OR-2026-4712,Shakuntala Acharya,IIT Guwahati,Vice Chair,9181079179,shakuntala.a@iitg.ac.in
INDIS-VL-2026-2709,Shalini Singh,IIT Guwahati,Volunteer,8860133784,shalini.singh@iitg.ac.in
INDIS-VL-2026-6771,Sharanya Viswanath,MIT -ADT University,Volunteer,,
INDIS-LR-2026-3120,SHARAT JYOTI KULI,MIT University of Shillong,Attendee,8720968430,sharat.kuli@mitu.edu.in
INDIS-OR-2026-4441,Shareka Iqbal,IIT Guwahati,Organizer,9435732201,shareka.iqbal@iitg.ac.in
INDIS-OR-2026-6899,Sharmistha Banerjee,IIT Guwahati,Organizer,7002384261,sharmistha@iitg.ac.in
INDIS-OR-2026-1449,Sheetal M. Gokhale,IIT Guwahati,Theme Chair,9930890369,sheetalg@iit.ac.in
INDIS-OR-2026-8754,Shiv Kumar Verma,IIT Jodhpur,Session Chair,9957998636,skv@iitj.ac.in
INDIS-VL-2026-8451,Shivam,IIT Guwahati,Volunteer,9667412194,Shivam1@iitg.ac.in
INDIS-LR-2026-8457,Shoon Le Yee Oo,Assumption University,Attendee,804538775,shoonleyeeoo@au.edu
INDIS-LR-2026-8587,SHOVAN KANTI KAR,INDIAN INSTITUTE OF TECHNOLOGY HYDERABAD,Attendee,9582544337,md24resch04003@iith.ac.in
INDIS2026-9337,Shrey Sharma,DIT University,Author,9817481945,shreysharma172000@gmail.com
INDIS2026-9778,Shreya Kashid,MIT ADTU alumni,Author,9591573496,kshreya2003@gmail.com
INDIS-VL-2026-9084,Shreyanshi Sahoo,IIT Guwahati,Volunteer,9337362895,shreyanshi.saho@iitg.ac.in
INDIS-OR-2026-0073,Shri Bhaskar Phukan,,Special Guests,,
INDIS-OR-2026-7819,Shri Diplu Ranjan Sarmah,,Special Guests,,
INDIS-OR-2026-9361,Shri Nitish Kumar,,Special Guests,,
INDIS-OR-2026-1026,"Shri Paban Kr. Borthakur, IAS ( Retd.)",RERA Assam,Distinguished Guest,,
INDIS2026-8245,Shrikant Ekbote,MIT - ADT University,Organizer,9881379169,shrikantekbote@mitid.edu.in
INDIS-LR-2026-9867,SHRIVALI UDYAWAR,Anant National University,Attendee,8369555803,shrivali.udyawar.sod24@anu.edu.in
INDIS2026-2066,Shruti Muktha,Accenture,Author,9986736570,muktha2612@gmail.com
INDIS2026-3664,Shubham Bhatt,"NDIIT, New Delhi, India",Author,92896 85837,shubhambhatt0908@gmail.com
INDIS2026-9258,Shubham Ravindra Bhamre,Maratha Vidya Prasarak Samaj's Sharadchandraji Pawar College of Architecture,Author,7796379548,shbhmartmvp@gmail.com
INDIS2026-8611,Simleen Kaur Suri,Mit Institute Of Design,Author,9560974921,sifti.11tejas@gmail.com
INDIS2026-4171,Sinmoy Goswami,"Assam Institute of Management (AIM), Guwahati",Author,7002740430,sinmoy.goswami@gmail.com
INDIS2026-1173,Smita Bhuyan,"General Administration department, Government of Assam",Author,9864390243,smitabhuyan09@gmail.com
INDIS-VL-2026-7207,Smiti More,IIT Guwahati,Volunteer,8605812966,smiti.more@iitg.ac.in
INDIS2026-9255,Sneha Changedia,"MIT Institute of Design, MIT ADT University, Pune",Author,7498951128,snehachangedia2710@gmail.com
INDIS-OR-2026-2397,Sougata Karmakar,IIT Guwahati,Organizer,8011403513,karmakar.sougata@iit.ac.in
INDIS2026-3290,Srinidhi,PES University,Author,7019676784,srinidhitr.05@gmail.com
INDIS-LR-2026-9324,Srishti Sharma,Netaji Subhas University of Technology,Attendee,7526001108,srishtisharma.min@gmail.com
INDIS-LR-2026-5537,Subir Dey,IIT Delhi,Session Chair,,subir@iitd.ac.in
INDIS2026-3866,Sudipti Das,Mit Institute Of Design,Author,9925607994,sudiptidas2002@gmail.com
INDIS2026-9145,Sukhleen Kaur Walia,"Punjab Engineering College (Deemed to be University), Chandigarh",Author,8178824733,sukhleen.walia11@gmail.com
INDIS2026-6858,Sukriti Bhatt,MIT Institute of Design,Author,9899877198,sukritibhatt51@gmail.com
INDIS2026-2514,Sumit Raj,Indian Institute of Technology Kanpur,Author,7903885907,sumit.raj.design@gmail.com
INDIS-VL-2026-3221,Sunny Raj,IIT Guwahati,Volunteer,7042344789,sunnyraj@iitg.ac.in
INDIS2026-1165,Supradip Das,IIT Guwahati,Theme Chair,6000475009,supradip.das@iitg.ac.in
INDIS2026-1174,Sushim Shetty,"School of Design, UPES Dehradun",Author,9731543567,tosushim@gmail.com
INDIS-LR-2026-3922,Suvodeep Misra,MIT Institute of Design,Attendee,9686458066,suvodeep.misra@mituniversity.edu.in
INDIS2026-6383,Swara Amit Deshmukh,"MIT Institute of Design, MIT ADT University, Pune",Author,9552561510,swaradeshmukhpa@gmail.com
INDIS2026-2774,Swarada Behere,Anant National University,Author,9136120317,swarada.behere.sod24@anu.edu.in
INDIS-LR-2026-5254,T Moasunep Jamir,National Institute of Fashion Technology (NIFT) Shillong,Attendee,7896127240,tmoasunep.jamir@nift.ac.in
INDIS2026-8410,Taneesha Tank,JECRC University,Author,7877231554,tanktaneesha@gmail.com
INDIS2026-3168,Tanisha Tated,NDMVP Sharadchandra Pawarji College of Architecture Nashik,Author,9604186623,tatedtanisha@gmail.com
INDIS2026-3509,Tanishka Kushare,N.D.M.V.P Sharadchandra Pawarji College of Architecture And Center For Design,Author,8855939605,tanishkakushare896@gmail.com
INDIS2026-4849,Tanya Chawla,MIT Institute of Design,Author,8849720422,connect.tanyachawla@gmail.com
INDIS-OR-2026-6389,Taranga Chakravarty,IIT Guwahati,Organizer,8399978566,dicoff@iitg.ac.in
INDIS-VL-2026-4390,Tarun Eswar,IIT Guwahati,Volunteer,9080136975,tarun.r@gmail.com
INDIS2026-6971,Tashu Dantani,CEPT University,Author,9510939722,tashu.id01@gmail.com
INDIS-LR-2026-8409,Tejas Karad,MIT ADT University,Attendee,,tejas.karad@mituniversity.edu.in
INDIS-VL-2026-6271,Teressa Ngangom,IIT Guwahati,Volunteer,9378010691,teressa@iitg.ac.in
INDIS2026-1675,Thant Zin Htet,King Mongkut's University of Technology Thonburi,Author,66958090250,thant.zinh@mail.kmutt.ac.th
INDIS-LR-2026-4700,Thomas Grey Manih,MIT University Shillong,Attendee,7259397131,thomas.manih@mitu.edu.in
INDIS2026-7775,Tirtharaj Sapkota,Assam Don Bosco University,Author,7638061931,tirtharaj.sapkota@dbuniversity.ac.in
INDIS-VL-2026-1234,Trisha Bordoloi,IIT Guwahati,Volunteer,8876492816,t.bordoloi@iitg.ac.in
INDIS2026-2339,Ujjwala Rajkumar Rathod,"Institute Of Design MIT-ADT University, Pune",Author,8805087054,ujjwalar40@gmail.com
INDIS2026-6326,Unnati Gupta,Jecrc University Jaipur,Author,9828513538,unnati.24bden0064@jecrcu.edu.in
INDIS-OR-2026-9030,Urmi Ravindra Salve,IIT Guwahati,Organizer,8723828575,urmi.salve@iitg.ac.in
INDIS-VL-2026-8625,Utkarsh Bajpai,IIT Guwahati,Volunteer,7905851753,utkarsh.bajpai@iitg.ac.in
INDIS-OR-2026-7056,Utpal Barua,IIT Guwahati,Organizer,9678074569,utpalb@iitg.ac.in
INDIS2026-5563,Vaibhavi Bhalchandra Kunjir,"MIT Institute of Design, MIT-ADT University",Author,7972724949,vaibhavikunjir4@gmail.com
INDIS-VL-2026-6235,Vaibhavi Hada,MIT -ADT University,Volunteer,,
INDIS-VL-2026-1908,Vaisakh B,IIT Guwahati,Volunteer,8075055379,vaisakh@iitg.ac.in
INDIS2026-9654,Vaishnavi Shantikari,"Institute of Design, MIT - ADT university",Author,9189757617,vaishnavi.shantikari@mituniversity.edu.in
INDIS-VL-2026-6695,Vansh Pradeep Singh Rathore,IIT Guwahati,Volunteer,76889 97595,vanshrathore@iitg.ac.in
INDIS-VL-2026-3849,Vidushi Pachauri,IIT Guwahati,Volunteer,8287428033,vidushi.pachaur@iitg.ac.in
INDIS-VL-2026-9053,Vidyotama Sandal,IIT Guwahati,Volunteer,7574031289,s.vidyotama@iitg.ac.in
INDIS-SP-2026-0080,Vikalp Sahni,Eka Care,Keynote Speaker,,
INDIS2026-2594,Vishnudharshini S M,Footwear design and development institute (Chennai),Author,9442489124,vishnursk2005@gmail.com
INDIS-VL-2026-8394,Weskerland Lyngkhoi,IIT Guwahati,Volunteer,9774095436,w.lyngkhoi@iitg.ac.in
INDIS-VL-2026-5053,Yash Rawat,IIT Guwahati,Volunteer,8766377694,Yash.rawat@iitg.ac.in
