serial_code,name
INDIS2026-2253,Aadya Singh
INDIS2026-7570,Abhijeet Shashwat
INDIS-OR-2026-1929,Abhishek Shrivastava
INDIS-VL-2026-1428,Adhuaitu Krishna H K
INDIS2026-3647,Ajas A K
INDIS-OR-2026-8524,Ajoy Barman
INDIS-VL-2026-9619,Akanksha
INDIS-VL-2026-8560,Akarshan Agrawal
INDIS-VL-2026-1999,Akshay Thakur
INDIS-VL-2026-8729,Aman Verma
INDIS-OR-2026-0641,Amarendra kumar Das
INDIS2026-4435,Amit Kumar Sinha
INDIS-OR-2026-5921,Amit Sinha
INDIS2026-7848,Amitabh Bordoloi
INDIS2026-5962,Amulya Mallavarapu
INDIS-VL-2026-6673,Anandu Krishnan
INDIS-VL-2026-9893,Ananya Behera
INDIS2026-8801,Ananya Swargiary
INDIS-LR-2026-6317,Anil Patel
INDIS-VL-2026-1249,Ankit Basak
INDIS2026-5425,Ankur Kar
INDIS2026-6347,Annanya Bhuyan
INDIS-LR-2026-7365,Anny Deb Barma
INDIS2026-7390,Anshita Tiwari
INDIS-LR-2026-5106,Anushka Baghel
INDIS2026-7358,Anushka Bandyopadhyay
INDIS2026-3932,Anvi Singh
INDIS-VL-2026-1559,Arbaniabud Mawthoh
INDIS-VL-2026-0368,Archana Yadav
INDIS2026-3443,Arshiya Kapoor
INDIS2026-6422,Arun Biswanath
INDIS-VL-2026-4830,Ashi S
INDIS-VL-2026-2143,Ashwin Anil
INDIS2026-3349,Atulya Venkatesh
INDIS2026-5249,Avani Chaturvedi
INDIS2026-6471,Avyukt Yadav
INDIS2026-6550,Aymun Kaleem
INDIS2026-7085,Ayush Chikhalkar
INDIS-VL-2026-0516,Baishalee Sanowal
INDIS2026-6057,Bavrawee Phukan
INDIS2026-8332,Bhavya Narayan
INDIS-VL-2026-2642,Bhavya Upadhyay
INDIS-OR-2026-9973,Bhupati Kr. Das
INDIS-OR-2026-7394,Binoj John
INDIS2026-1617,Brajendra Nandan Panda
INDIS-OR-2026-1788,Brijesh Deore
INDIS-VL-2026-3713,Brishti Angkita Saikia
INDIS2026-1170,Bristi Angkita Saikia
INDIS-OR-2026-6020,C. S. Susanth
INDIS2026-6412,Chaitanya Solanki
INDIS-VL-2026-3633,"Chander Prakash, IPDF"
INDIS-LR-2026-4559,Charmi Javeri
INDIS2026-7920,Chiranjib Narzary
INDIS-OR-2026-7476,Chiranjib Nazary
INDIS2026-5174,Daksha Vishwas Dorugade
INDIS-OR-2026-4067,Dandeswar Bisoyi
INDIS-OR-2026-4404,Debashis Majumder
INDIS-OR-2026-3148,Debayan Dhar
INDIS-VL-2026-5624,Deepak Paul
INDIS-LR-2026-7379,Denise Desiree Rapsang
INDIS-VL-2026-8001,Deshpande Shreya Shantanu
INDIS-LR-2026-0453,Dhaval Joshi
INDIS-VL-2026-5229,Diksha Hajong
INDIS2026-9022,Diksha Sachan
INDIS-VL-2026-6210,Dipjyoti Saikia
INDIS-OR-2026-7711,Dipumoni Deka
INDIS-VL-2026-8904,Divyanshu Meena
INDIS-VL-2026-3982,Diya Sony
INDIS-OR-2026-6324,Dnyandeo Neelwarna
INDIS-VL-2026-1415,Dorothy Goswami
INDIS-VL-2026-0888,Dubesh Sai M
INDIS-LR-2026-7094,Eleazear L Nongrang
INDIS2026-7394,Elza D'Cruz
INDIS2026-4970,Eshaan Nair
INDIS-VL-2026-3145,Ganesh Shinde
INDIS-OR-2026-9941,Gaurav Vaidya
INDIS2026-9317,Gaurav Vinodrao Vaidya
INDIS-VL-2026-9281,Gautham S
INDIS2026-9105,Geet Nagpal
INDIS-VL-2026-7762,Gourav
INDIS2026-6677,Gul Mehta
INDIS2026-3825,Gunjan Sharma
INDIS-VL-2026-5673,Gyaneshwar Krishna
INDIS2026-4581,Harimurali J
INDIS-VL-2026-6250,Harshwardhan Somwanshey
INDIS2026-2607,Himani Kanojia
INDIS-VL-2026-2863,Hritam Sarkar
INDIS2026-1166,Ipshita Das
INDIS2026-6098,Jasmine Kaur
INDIS-VL-2026-9157,Jeevan Jolly
INDIS2026-1883,JULIAN SIMBUK S RAXAM
INDIS2026-3532,Kanishka Singh
INDIS-VL-2026-9454,Kanu Das
INDIS2026-2028,Karishma Batra
INDIS2026-1602,Kartikeya Rai
INDIS2026-4401,Kasturi Kailas Katale
INDIS-VL-2026-4701,Kavei vie duo
INDIS-VL-2026-1330,Kavyashree Venkatesh
INDIS2026-3092,Ketan Shimpi
INDIS-OR-2026-1835,Keyur Sorathia
INDIS-VL-2026-1086,Khushi H.
INDIS2026-3185,Khyaati Agrawal
INDIS-LR-2026-5966,Kritika Talukdar
INDIS-VL-2026-5458,Kulkarni Aseem Unmesh
INDIS-VL-2026-5822,Kundavainaachiyar M
INDIS2026-1719,Lavanya M
INDIS-VL-2026-5046,Lingkojoy Oinam
INDIS2026-6584,Liuting Zhang
INDIS-OR-2026-3316,Mahesh Chopade
INDIS-OR-2026-7566,Manash Jyoti Nath
INDIS2026-9747,Manish Arora
INDIS-OR-2026-6542,Manoj Majhi
INDIS-VL-2026-6718,Manoj Sai Bhupathi
INDIS2026-9354,Mantu Das
INDIS2026-2194,Mathew Kurien
INDIS-VL-2026-1264,Mayuri Joshi
INDIS2026-4580,Medini Prabha
INDIS2026-7295,Meenakshi Mishra
INDIS-VL-2026-3687,Megha Srivastava
INDIS-VL-2026-5999,Meghana Kumthekar
INDIS-OR-2026-7310,"Milon Das,"
INDIS2026-3170,Mohammad Zahid Khan
INDIS2026-5958,MONALI SINGH
INDIS2026-6420,Monisha Sobti
INDIS2026-1167,Mouly Bhowmick
INDIS-OR-2026-5528,Mriganka Madhukailya
INDIS-OR-2026-4702,Mrinal Kumar Borthakur
INDIS2026-4304,Mrittika Mitra
INDIS2026-7217,Nabajit Deka
INDIS-OR-2026-8839,Nachiket Thakur
INDIS2026-5893,Naman Malik
INDIS2026-7892,Nanditha Sujith
INDIS2026-2365,Natania Perinchery
INDIS2026-8093,Navjjot Singh
INDIS-VL-2026-9466,Navneet Singh
INDIS-LR-2026-2778,Navya Yadav
INDIS-OR-2026-9341,Nayan Das
INDIS2026-3347,Neil J John
INDIS2026-9021,Nikitha R
INDIS2026-7886,Nilakshi Yein
INDIS-VL-2026-1951,Nishad Niphade
INDIS-SP-2026-0581,Nishant Gupta
INDIS2026-4177,Nishant Prabhudesai
INDIS2026-2584,Nithin Manoj
INDIS2026-4624,Nithiya Sri R
INDIS2026-1293,Nitin Vishwakarma
INDIS-VL-2026-9003,Nitish Kumar Singh
INDIS-OR-2026-2429,Pabitra Das
INDIS-OR-2026-0133,Pankaj Upadhyay
INDIS-OR-2026-4602,Parlie Dutta
INDIS-VL-2026-6467,Partha Protim Patir
INDIS-LR-2026-0240,Pitambar Ranadive
INDIS2026-1168,Pooja Kalai
INDIS-LR-2026-9444,Pooja Sharma
INDIS-LR-2026-7132,Prabhu Pal
INDIS-OR-2026-7513,Prabin Kumar Bora
INDIS2026-8026,Prachi Patel
INDIS2026-3770,Prachi Umesh Somaiya
INDIS2026-3577,PRAKRITI BHATTACHARYA
INDIS-OR-2026-8191,Pramod Riswadkar
INDIS-LR-2026-7995,Pranali Bakar
INDIS-OR-2026-2851,Pranjal Protim Borah
INDIS-LR-2026-3400,Pranjit Sarma
INDIS-VL-2026-5941,Prashant Kumar Singh
INDIS-VL-2026-6052,Pratham Bhawar
INDIS-VL-2026-4892,Prathmesh bhumkar
INDIS2026-3072,Pratiksha Bankar
INDIS2026-8118,Pratistha Singh
INDIS-OR-2026-0762,Pratul Chandra Kalita
INDIS2026-4925,Preksha Damodar Arjunwadkar
INDIS-OR-2026-9851,Priyabrata Rautray
INDIS-OR-2026-4381,Prof. Amarendra Kumar Das
INDIS-OR-2026-7611,Prof. Debmalaya Bhattacharya
INDIS-OR-2026-8926,Prof. Devendra Jalihal
INDIS-OR-2026-9900,Prof. Hemant Kaushik
INDIS-OR-2026-3128,Prof. Malhar Pangrikar
INDIS-OR-2026-7140,Prof. Nachiket Thakur
INDIS-SP-2026-1980,Prof. Philip Cash
INDIS-SP-2026-0318,Prof. Prakash Moorthy
INDIS-OR-2026-7759,Prof. Pramod Riswadkar
INDIS-OR-2026-9396,Prof. Rajesh S
INDIS-OR-2026-0233,Prof. Sarat Kumar Patra
INDIS-OR-2026-6487,Prof. Shantikam Hazarika
INDIS-SP-2026-8005,Prof. Vijay Kumar
INDIS2026-8681,Promit Prodhan
INDIS2026-4051,purandar swargiary
INDIS-LR-2026-2080,Ragini K Hazarika
INDIS2026-9915,Rajashekhar V S
INDIS-OR-2026-8381,Rajesh S
INDIS-OR-2026-6131,Rajjul Hussain
INDIS-OR-2026-9608,Ranoj Pegu
INDIS-VL-2026-1230,Rausan Kumar
INDIS2026-8394,Rayna shrenik shah
INDIS-VL-2026-3099,Riddhiman Biswas
INDIS2026-9685,Rijuka Jadhav
INDIS-VL-2026-9109,Ritesh Deepak Deshmukh
INDIS-LR-2026-4677,Robertson Lyngba
INDIS2026-1169,Rohini Jaybhaye
INDIS-VL-2026-3396,Rosaline Regon
INDIS-OR-2026-2938,Runjun Borah
INDIS2026-8816,Rupkatha Patra
INDIS2026-6224,Rutuja Rakesh Belwalkar
INDIS2026-8997,S. Durga darshini
INDIS-LR-2026-7023,Saachi Amol Ghodake
INDIS2026-3014,Saakshi Shirali
INDIS2026-2701,Sagar Kandal
INDIS2026-8054,Saigaurav G
INDIS2026-7106,Sakshi Bhatt
INDIS-OR-2026-9660,Salil Kashyap
INDIS2026-4105,Salman Md Khan
INDIS2026-2327,Samir Kumar Dash
INDIS-VL-2026-8604,Samruddhi Ramesh Duratkar
INDIS2026-9878,Samruddhi Sancheti
INDIS-VL-2026-1376,Sandipan Datta
INDIS-VL-2026-9886,Sanjana Hemant Harsole
INDIS-VL-2026-9381,Santosh Bhiva Pakhre
INDIS2026-1171,Santosh Jagtap
INDIS2026-1172,Santosh Pakhare
INDIS-VL-2026-3216,Sarvesh Jadhaav
INDIS-VL-2026-1666,Sayan Sarkar
INDIS2026-1595,Sayantika Das
INDIS-VL-2026-1932,"Sayantika Das, IPDF"
INDIS-VL-2026-0289,Shaifali Sharma
INDIS-OR-2026-4712,Shakuntala Acharya
INDIS-VL-2026-2709,Shalini Singh
INDIS-VL-2026-6771,Sharanya Viswanath
INDIS-LR-2026-3120,SHARAT JYOTI KULI
INDIS-OR-2026-4441,Shareka Iqbal
INDIS-OR-2026-6899,Sharmistha Banerjee
INDIS-OR-2026-1449,Sheetal M. Gokhale
INDIS-OR-2026-8754,Shiv Kumar Verma
INDIS-VL-2026-8451,Shivam
INDIS-LR-2026-8457,Shoon Le Yee Oo
INDIS-LR-2026-8587,SHOVAN KANTI KAR
INDIS2026-9337,Shrey Sharma
INDIS2026-9778,Shreya Kashid
INDIS-VL-2026-9084,Shreyanshi Sahoo
INDIS-OR-2026-0073,Shri Bhaskar Phukan
INDIS-OR-2026-7819,Shri Diplu Ranjan Sarmah
INDIS-OR-2026-9361,Shri Nitish Kumar
INDIS-OR-2026-1026,"Shri Paban Kr. Borthakur, IAS ( Retd.)"
INDIS2026-8245,Shrikant Ekbote
INDIS-LR-2026-9867,SHRIVALI UDYAWAR
INDIS2026-2066,Shruti Muktha
INDIS2026-3664,Shubham Bhatt
INDIS2026-9258,Shubham Ravindra Bhamre
INDIS2026-8611,Simleen Kaur Suri
INDIS2026-4171,Sinmoy Goswami
INDIS2026-1173,Smita Bhuyan
INDIS-VL-2026-7207,Smiti More
INDIS2026-9255,Sneha Changedia
INDIS-OR-2026-2397,Sougata Karmakar
INDIS2026-3290,Srinidhi
INDIS-LR-2026-9324,Srishti Sharma
INDIS-LR-2026-5537,Subir Dey
INDIS2026-3866,Sudipti Das
INDIS2026-9145,Sukhleen Kaur Walia
INDIS2026-6858,Sukriti Bhatt
INDIS2026-2514,Sumit Raj
INDIS-VL-2026-3221,Sunny Raj
INDIS2026-1165,Supradip Das
INDIS2026-1174,Sushim Shetty
INDIS-LR-2026-3922,Suvodeep Misra
INDIS2026-6383,Swara Amit Deshmukh
INDIS2026-2774,Swarada Behere
INDIS-LR-2026-5254,T Moasunep Jamir
INDIS2026-8410,Taneesha Tank
INDIS2026-3168,Tanisha Tated
INDIS2026-3509,Tanishka Kushare
INDIS2026-4849,Tanya Chawla
INDIS-OR-2026-6389,Taranga Chakravarty
INDIS-VL-2026-4390,Tarun Eswar
INDIS2026-6971,Tashu Dantani
INDIS-LR-2026-8409,Tejas Karad
INDIS-VL-2026-6271,Teressa Ngangom
INDIS2026-1675,Thant Zin Htet
INDIS-LR-2026-4700,Thomas Grey Manih
INDIS2026-7775,Tirtharaj Sapkota
INDIS-VL-2026-1234,Trisha Bordoloi
INDIS2026-2339,Ujjwala Rajkumar Rathod
INDIS2026-6326,Unnati Gupta
INDIS-OR-2026-9030,Urmi Ravindra Salve
INDIS-VL-2026-8625,Utkarsh Bajpai
INDIS-OR-2026-7056,Utpal Barua
INDIS2026-5563,Vaibhavi Bhalchandra Kunjir
INDIS-VL-2026-6235,Vaibhavi Hada
INDIS-VL-2026-1908,Vaisakh B
INDIS2026-9654,Vaishnavi Shantikari
INDIS-VL-2026-6695,Vansh Pradeep Singh Rathore
INDIS-VL-2026-3849,Vidushi Pachauri
INDIS-VL-2026-9053,Vidyotama Sandal
INDIS-SP-2026-0080,Vikalp Sahni
INDIS2026-2594,Vishnudharshini S M
INDIS-VL-2026-8394,Weskerland Lyngkhoi
INDIS-VL-2026-5053,Yash Rawat
